-- phpMyAdmin SQL Dump
-- version 5.2.1
-- https://www.phpmyadmin.net/
--
-- Host: 127.0.0.1
-- Generation Time: Jun 09, 2025 at 07:04 PM
-- Server version: 10.4.32-MariaDB
-- PHP Version: 8.2.12

SET SQL_MODE = "NO_AUTO_VALUE_ON_ZERO";
START TRANSACTION;
SET time_zone = "+00:00";


/*!40101 SET @OLD_CHARACTER_SET_CLIENT=@@CHARACTER_SET_CLIENT */;
/*!40101 SET @OLD_CHARACTER_SET_RESULTS=@@CHARACTER_SET_RESULTS */;
/*!40101 SET @OLD_COLLATION_CONNECTION=@@COLLATION_CONNECTION */;
/*!40101 SET NAMES utf8mb4 */;

--
-- Database: `spiceshelf`
--

-- --------------------------------------------------------

--
-- Table structure for table `admins`
--

CREATE TABLE `admins` (
  `id` int(11) NOT NULL,
  `username` varchar(50) NOT NULL,
  `email` varchar(100) NOT NULL,
  `password` varchar(255) NOT NULL,
  `created_at` timestamp NOT NULL DEFAULT current_timestamp()
) ENGINE=InnoDB DEFAULT CHARSET=utf8mb4 COLLATE=utf8mb4_general_ci;

--
-- Dumping data for table `admins`
--

INSERT INTO `admins` (`id`, `username`, `email`, `password`, `created_at`) VALUES
(6, 'admin', 'admin@spiceshelf.com', '$2y$10$cJaNYv82L4NFwLM7PehZDu2vWMuRFoAAYZu9SprLPh1jcqdtuepjC', '2025-03-20 21:29:35');

-- --------------------------------------------------------

--
-- Table structure for table `ads`
--

CREATE TABLE `ads` (
  `ad_id` int(11) NOT NULL,
  `title` varchar(255) NOT NULL,
  `image` varchar(255) DEFAULT NULL,
  `url` varchar(255) NOT NULL,
  `position` enum('sidebar','popup') NOT NULL,
  `start_date` date NOT NULL,
  `end_date` date NOT NULL,
  `status` enum('active','inactive') NOT NULL DEFAULT 'active',
  `created_at` timestamp NOT NULL DEFAULT current_timestamp(),
  `updated_at` timestamp NULL DEFAULT NULL ON UPDATE current_timestamp()
) ENGINE=InnoDB DEFAULT CHARSET=utf8mb4 COLLATE=utf8mb4_general_ci;

--
-- Dumping data for table `ads`
--

INSERT INTO `ads` (`ad_id`, `title`, `image`, `url`, `position`, `start_date`, `end_date`, `status`, `created_at`, `updated_at`) VALUES
(16, 'Test', 'uploads/ads/1746761318_juliana.jpg', 'https://www.unikl.edu.my/', 'sidebar', '2025-05-01', '2025-05-05', 'inactive', '2025-05-09 03:28:38', '2025-05-09 03:32:53'),
(17, 'test1', 'uploads/ads/1746764904_cauliflower-crust-pizza-lead-6778185f4ab16.jpg', 'https://www.unikl.edu.my/', 'sidebar', '2025-05-09', '2025-05-17', 'inactive', '2025-05-09 04:28:24', '2025-05-23 17:50:49'),
(18, 'Alis Ads', 'uploads/ads/1748492996_cauliflower-crust-pizza-lead-6778185f4ab16.jpg', 'https://www.unikl.edu.my/', 'sidebar', '2025-05-29', '2025-06-04', 'active', '2025-05-29 04:29:56', '2025-05-31 06:42:44'),
(21, 'Unikl', 'uploads/ads/1748641386_juliana.jpg', 'https://www.unikl.edu.my/', 'popup', '2025-05-14', '2025-06-08', 'inactive', '2025-05-30 21:43:06', '2025-06-01 11:45:11');

-- --------------------------------------------------------

--
-- Table structure for table `ad_clicks`
--

CREATE TABLE `ad_clicks` (
  `click_id` int(11) NOT NULL,
  `ad_id` int(11) NOT NULL,
  `user_id` int(11) DEFAULT NULL,
  `ip_address` varchar(45) DEFAULT NULL,
  `timestamp` datetime DEFAULT current_timestamp()
) ENGINE=InnoDB DEFAULT CHARSET=utf8mb4 COLLATE=utf8mb4_general_ci;

--
-- Dumping data for table `ad_clicks`
--

INSERT INTO `ad_clicks` (`click_id`, `ad_id`, `user_id`, `ip_address`, `timestamp`) VALUES
(34, 16, NULL, '127.0.0.1', '2025-05-09 11:31:21'),
(35, 17, NULL, '127.0.0.1', '2025-05-09 12:28:39'),
(36, 17, NULL, '127.0.0.1', '2025-05-11 01:52:43'),
(37, 17, NULL, '127.0.0.1', '2025-05-11 01:53:18'),
(38, 18, 25, '127.0.0.1', '2025-05-29 12:30:16'),
(48, 21, NULL, '::1', '2025-05-31 05:43:24'),
(49, 21, NULL, '::1', '2025-05-31 05:43:24'),
(50, 21, NULL, '::1', '2025-05-31 05:43:24'),
(51, 18, NULL, '127.0.0.1', '2025-05-31 06:01:57'),
(52, 18, NULL, '127.0.0.1', '2025-05-31 06:01:57'),
(53, 18, NULL, '127.0.0.1', '2025-05-31 06:02:13'),
(54, 18, NULL, '127.0.0.1', '2025-05-31 06:02:13'),
(55, 18, NULL, '127.0.0.1', '2025-05-31 06:03:24'),
(56, 18, NULL, '127.0.0.1', '2025-05-31 06:03:24'),
(57, 18, NULL, '127.0.0.1', '2025-05-31 06:07:56'),
(58, 21, NULL, '127.0.0.1', '2025-05-31 06:08:18'),
(59, 18, NULL, '127.0.0.1', '2025-05-31 06:16:11'),
(60, 18, NULL, '127.0.0.1', '2025-05-31 06:16:24'),
(61, 18, NULL, '127.0.0.1', '2025-05-31 06:24:00'),
(62, 21, NULL, '127.0.0.1', '2025-05-31 06:25:12'),
(63, 21, NULL, '::1', '2025-05-31 06:28:24'),
(64, 21, NULL, '::1', '2025-05-31 06:28:24'),
(65, 21, NULL, '::1', '2025-05-31 06:28:24'),
(66, 21, NULL, '127.0.0.1', '2025-05-31 06:42:09'),
(67, 18, NULL, '127.0.0.1', '2025-05-31 06:42:17'),
(68, 21, NULL, '127.0.0.1', '2025-05-31 06:42:52'),
(69, 21, NULL, '127.0.0.1', '2025-05-31 20:43:10'),
(70, 18, 25, '127.0.0.1', '2025-06-01 22:04:42'),
(71, 18, 25, '127.0.0.1', '2025-06-01 22:05:25'),
(72, 21, 25, '127.0.0.1', '2025-06-01 23:41:20'),
(73, 18, 36, '127.0.0.1', '2025-06-03 20:35:44');

-- --------------------------------------------------------

--
-- Table structure for table `ad_impressions`
--

CREATE TABLE `ad_impressions` (
  `impression_id` int(11) NOT NULL,
  `ad_id` int(11) NOT NULL,
  `user_id` int(11) DEFAULT NULL,
  `ip_address` varchar(45) DEFAULT NULL,
  `timestamp` datetime DEFAULT current_timestamp()
) ENGINE=InnoDB DEFAULT CHARSET=utf8mb4 COLLATE=utf8mb4_general_ci;

--
-- Dumping data for table `ad_impressions`
--

INSERT INTO `ad_impressions` (`impression_id`, `ad_id`, `user_id`, `ip_address`, `timestamp`) VALUES
(327, 16, NULL, '127.0.0.1', '2025-05-09 11:28:52'),
(331, 16, NULL, '127.0.0.1', '2025-05-09 11:29:28'),
(332, 16, NULL, '127.0.0.1', '2025-05-09 11:31:27'),
(333, 16, NULL, '127.0.0.1', '2025-05-09 11:32:28'),
(334, 17, 25, '127.0.0.1', '2025-05-09 12:28:29'),
(335, 17, NULL, '127.0.0.1', '2025-05-09 12:28:31'),
(336, 17, NULL, '127.0.0.1', '2025-05-10 23:04:40'),
(337, 17, NULL, '127.0.0.1', '2025-05-10 23:04:48'),
(338, 17, NULL, '::1', '2025-05-10 23:09:33'),
(339, 17, 1, '::1', '2025-05-10 23:09:41'),
(340, 17, 1, '::1', '2025-05-10 23:09:51'),
(341, 17, NULL, '127.0.0.1', '2025-05-10 23:11:22'),
(342, 17, 1, '::1', '2025-05-10 23:35:39'),
(343, 17, 1, '::1', '2025-05-10 23:35:48'),
(344, 17, 1, '::1', '2025-05-10 23:35:50'),
(345, 17, 1, '::1', '2025-05-10 23:35:51'),
(346, 17, 1, '::1', '2025-05-10 23:35:52'),
(347, 17, NULL, '127.0.0.1', '2025-05-11 01:52:37'),
(348, 17, NULL, '127.0.0.1', '2025-05-11 01:53:16'),
(349, 17, NULL, '127.0.0.1', '2025-05-11 01:53:21'),
(350, 17, 26, '127.0.0.1', '2025-05-11 02:17:13'),
(351, 17, NULL, '127.0.0.1', '2025-05-14 02:44:17'),
(352, 17, 26, '127.0.0.1', '2025-05-14 03:50:49'),
(353, 17, NULL, '::1', '2025-05-14 14:25:22'),
(354, 17, NULL, '::1', '2025-05-15 23:25:24'),
(355, 17, 17, '::1', '2025-05-15 23:25:30'),
(356, 17, 17, '::1', '2025-05-15 23:25:34'),
(357, 17, 17, '::1', '2025-05-15 23:29:31'),
(358, 17, NULL, '::1', '2025-05-15 23:30:17'),
(359, 17, NULL, '::1', '2025-05-15 23:30:20'),
(360, 17, NULL, '::1', '2025-05-15 23:31:34'),
(361, 17, NULL, '::1', '2025-05-16 14:50:10'),
(362, 17, NULL, '::1', '2025-05-16 14:50:12'),
(363, 17, NULL, '::1', '2025-05-16 14:50:52'),
(364, 18, 25, '127.0.0.1', '2025-05-29 12:30:06'),
(365, 18, 25, '127.0.0.1', '2025-05-29 12:30:27'),
(366, 18, NULL, '127.0.0.1', '2025-05-29 14:07:27'),
(367, 18, 25, '127.0.0.1', '2025-05-29 14:57:04'),
(368, 18, 25, '127.0.0.1', '2025-05-29 15:05:16'),
(369, 18, NULL, '127.0.0.1', '2025-05-29 21:28:48'),
(370, 18, NULL, '127.0.0.1', '2025-05-29 21:47:51'),
(371, 18, 25, '127.0.0.1', '2025-05-29 21:48:02'),
(372, 18, 25, '127.0.0.1', '2025-05-29 21:48:22'),
(373, 18, 25, '127.0.0.1', '2025-05-29 21:48:26'),
(374, 18, NULL, '::1', '2025-05-29 21:48:41'),
(375, 18, 17, '::1', '2025-05-29 21:49:04'),
(376, 18, 17, '::1', '2025-05-29 21:49:11'),
(377, 18, NULL, '127.0.0.1', '2025-05-29 21:50:52'),
(378, 18, NULL, '127.0.0.1', '2025-05-29 21:53:09'),
(379, 18, 17, '::1', '2025-05-29 22:03:03'),
(380, 18, NULL, '::1', '2025-05-29 22:03:07'),
(381, 18, 17, '::1', '2025-05-29 22:03:13'),
(382, 18, 17, '::1', '2025-05-29 22:03:16'),
(383, 18, NULL, '127.0.0.1', '2025-05-29 22:17:52'),
(384, 18, NULL, '::1', '2025-05-30 06:26:36'),
(385, 18, NULL, '::1', '2025-05-30 06:26:36'),
(386, 18, NULL, '::1', '2025-05-30 06:26:36'),
(387, 18, NULL, '::1', '2025-05-30 06:26:36'),
(388, 18, 1, '::1', '2025-05-30 06:26:43'),
(389, 18, 1, '::1', '2025-05-30 06:26:43'),
(390, 18, 1, '::1', '2025-05-30 06:26:48'),
(391, 18, 1, '::1', '2025-05-30 06:26:48'),
(392, 18, 1, '::1', '2025-05-30 06:27:23'),
(393, 18, 1, '::1', '2025-05-30 06:27:23'),
(394, 18, 1, '::1', '2025-05-30 06:27:51'),
(395, 18, 1, '::1', '2025-05-30 06:27:51'),
(396, 18, 1, '::1', '2025-05-30 06:27:58'),
(397, 18, 1, '::1', '2025-05-30 06:27:58'),
(398, 18, 1, '::1', '2025-05-30 06:29:37'),
(399, 18, 1, '::1', '2025-05-30 06:29:37'),
(400, 18, 1, '::1', '2025-05-30 06:29:42'),
(401, 18, 1, '::1', '2025-05-30 06:29:42'),
(402, 18, 1, '::1', '2025-05-30 06:29:48'),
(403, 18, 1, '::1', '2025-05-30 06:29:48'),
(404, 18, 1, '::1', '2025-05-30 06:30:06'),
(405, 18, 1, '::1', '2025-05-30 06:30:06'),
(406, 18, NULL, '::1', '2025-05-30 06:33:06'),
(407, 18, NULL, '::1', '2025-05-30 06:33:06'),
(408, 18, NULL, '::1', '2025-05-30 06:33:06'),
(409, 18, NULL, '::1', '2025-05-30 06:33:07'),
(410, 18, 17, '::1', '2025-05-30 06:33:12'),
(411, 18, 17, '::1', '2025-05-30 06:33:13'),
(412, 18, 17, '::1', '2025-05-30 06:33:14'),
(413, 18, 17, '::1', '2025-05-30 06:33:14'),
(414, 18, 17, '::1', '2025-05-30 06:33:53'),
(415, 18, 17, '::1', '2025-05-30 06:33:53'),
(416, 18, NULL, '::1', '2025-05-30 06:34:12'),
(417, 18, NULL, '::1', '2025-05-30 06:34:12'),
(418, 18, NULL, '::1', '2025-05-30 06:34:12'),
(419, 18, NULL, '::1', '2025-05-30 06:34:12'),
(420, 18, 1, '::1', '2025-05-30 06:34:17'),
(421, 18, 1, '::1', '2025-05-30 06:34:17'),
(422, 18, 1, '::1', '2025-05-30 06:34:19'),
(423, 18, 1, '::1', '2025-05-30 06:34:19'),
(424, 18, NULL, '::1', '2025-05-30 06:34:44'),
(425, 18, NULL, '::1', '2025-05-30 06:34:44'),
(426, 18, NULL, '::1', '2025-05-30 06:34:45'),
(427, 18, NULL, '::1', '2025-05-30 06:34:45'),
(428, 18, 17, '::1', '2025-05-30 06:35:04'),
(429, 18, 17, '::1', '2025-05-30 06:35:04'),
(430, 18, 17, '::1', '2025-05-30 06:35:10'),
(431, 18, 17, '::1', '2025-05-30 06:35:10'),
(432, 18, 17, '::1', '2025-05-30 06:50:46'),
(433, 18, 17, '::1', '2025-05-30 06:50:46'),
(434, 18, 17, '::1', '2025-05-30 06:50:49'),
(435, 18, 17, '::1', '2025-05-30 06:50:49'),
(436, 18, 17, '::1', '2025-05-30 06:53:34'),
(437, 18, 17, '::1', '2025-05-30 06:53:34'),
(438, 18, 17, '::1', '2025-05-30 06:59:32'),
(439, 18, 17, '::1', '2025-05-30 06:59:32'),
(440, 18, 17, '::1', '2025-05-30 06:59:34'),
(441, 18, 17, '::1', '2025-05-30 06:59:34'),
(442, 18, NULL, '127.0.0.1', '2025-05-30 07:00:03'),
(443, 18, NULL, '127.0.0.1', '2025-05-30 07:00:03'),
(444, 18, NULL, '127.0.0.1', '2025-05-30 07:00:03'),
(445, 18, NULL, '127.0.0.1', '2025-05-30 07:00:03'),
(446, 18, 26, '127.0.0.1', '2025-05-30 07:01:17'),
(447, 18, 26, '127.0.0.1', '2025-05-30 07:01:17'),
(448, 18, 26, '127.0.0.1', '2025-05-30 07:08:14'),
(449, 18, 26, '127.0.0.1', '2025-05-30 07:08:14'),
(450, 18, 26, '127.0.0.1', '2025-05-30 07:08:16'),
(451, 18, 26, '127.0.0.1', '2025-05-30 07:08:16'),
(452, 18, NULL, '127.0.0.1', '2025-05-30 07:30:25'),
(453, 18, NULL, '127.0.0.1', '2025-05-30 07:30:25'),
(454, 18, NULL, '127.0.0.1', '2025-05-30 07:30:25'),
(455, 18, NULL, '127.0.0.1', '2025-05-30 07:30:25'),
(456, 18, 26, '127.0.0.1', '2025-05-30 07:34:46'),
(457, 18, 26, '127.0.0.1', '2025-05-30 07:34:46'),
(458, 18, 26, '127.0.0.1', '2025-05-30 07:35:05'),
(459, 18, 26, '127.0.0.1', '2025-05-30 07:35:05'),
(460, 18, NULL, '127.0.0.1', '2025-05-30 07:40:31'),
(461, 18, NULL, '127.0.0.1', '2025-05-30 07:40:31'),
(462, 18, NULL, '127.0.0.1', '2025-05-30 07:40:31'),
(463, 18, NULL, '127.0.0.1', '2025-05-30 07:40:31'),
(464, 18, 26, '127.0.0.1', '2025-05-30 08:37:38'),
(465, 18, 26, '127.0.0.1', '2025-05-30 08:37:38'),
(466, 18, 26, '127.0.0.1', '2025-05-30 08:37:45'),
(467, 18, 26, '127.0.0.1', '2025-05-30 08:37:45'),
(468, 18, NULL, '::1', '2025-05-30 14:58:40'),
(469, 18, NULL, '::1', '2025-05-30 14:58:40'),
(470, 18, NULL, '::1', '2025-05-30 14:58:40'),
(471, 18, NULL, '::1', '2025-05-30 14:58:40'),
(472, 18, 17, '::1', '2025-05-30 14:58:48'),
(473, 18, 17, '::1', '2025-05-30 14:58:48'),
(474, 18, 17, '::1', '2025-05-30 14:58:50'),
(475, 18, 17, '::1', '2025-05-30 14:58:50'),
(476, 18, 17, '::1', '2025-05-30 15:00:04'),
(477, 18, 17, '::1', '2025-05-30 15:00:04'),
(478, 18, 17, '::1', '2025-05-30 15:00:10'),
(479, 18, 17, '::1', '2025-05-30 15:00:10'),
(480, 18, 17, '::1', '2025-05-30 16:23:31'),
(481, 18, 17, '::1', '2025-05-30 16:23:31'),
(482, 18, 17, '::1', '2025-05-30 16:24:28'),
(483, 18, 17, '::1', '2025-05-30 16:24:28'),
(484, 18, 17, '::1', '2025-05-30 16:24:33'),
(485, 18, 17, '::1', '2025-05-30 16:24:33'),
(486, 18, 17, '::1', '2025-05-30 16:29:26'),
(487, 18, 17, '::1', '2025-05-30 16:29:26'),
(488, 18, 17, '::1', '2025-05-30 16:42:26'),
(489, 18, 17, '::1', '2025-05-30 16:42:26'),
(490, 18, 17, '::1', '2025-05-30 16:53:03'),
(491, 18, 17, '::1', '2025-05-30 16:53:03'),
(492, 18, 17, '::1', '2025-05-30 16:53:09'),
(493, 18, 17, '::1', '2025-05-30 16:53:09'),
(494, 18, 17, '::1', '2025-05-30 16:53:45'),
(495, 18, 17, '::1', '2025-05-30 16:53:45'),
(496, 18, 17, '::1', '2025-05-30 16:53:47'),
(497, 18, 17, '::1', '2025-05-30 16:53:47'),
(498, 18, 17, '::1', '2025-05-30 16:53:55'),
(499, 18, 17, '::1', '2025-05-30 16:53:55'),
(500, 18, 17, '::1', '2025-05-30 16:53:58'),
(501, 18, 17, '::1', '2025-05-30 16:53:58'),
(502, 18, 17, '::1', '2025-05-30 17:04:27'),
(503, 18, 17, '::1', '2025-05-30 17:04:27'),
(504, 18, NULL, '127.0.0.1', '2025-05-30 17:05:03'),
(505, 18, NULL, '127.0.0.1', '2025-05-30 17:05:03'),
(506, 18, NULL, '127.0.0.1', '2025-05-30 17:05:03'),
(507, 18, NULL, '127.0.0.1', '2025-05-30 17:05:03'),
(508, 18, 25, '127.0.0.1', '2025-05-30 17:05:22'),
(509, 18, 25, '127.0.0.1', '2025-05-30 17:05:22'),
(510, 18, 25, '127.0.0.1', '2025-05-30 17:06:11'),
(511, 18, 25, '127.0.0.1', '2025-05-30 17:06:11'),
(512, 18, NULL, '::1', '2025-05-30 23:24:33'),
(513, 18, NULL, '::1', '2025-05-30 23:24:33'),
(514, 18, NULL, '::1', '2025-05-30 23:24:33'),
(515, 18, NULL, '::1', '2025-05-30 23:24:33'),
(516, 18, NULL, '127.0.0.1', '2025-05-31 02:15:16'),
(517, 18, NULL, '127.0.0.1', '2025-05-31 02:15:16'),
(518, 18, NULL, '127.0.0.1', '2025-05-31 02:15:16'),
(519, 18, NULL, '127.0.0.1', '2025-05-31 02:15:16'),
(520, 18, NULL, '127.0.0.1', '2025-05-31 02:15:34'),
(521, 18, NULL, '127.0.0.1', '2025-05-31 02:15:34'),
(522, 18, NULL, '127.0.0.1', '2025-05-31 02:15:34'),
(523, 18, NULL, '127.0.0.1', '2025-05-31 02:15:34'),
(524, 18, NULL, '127.0.0.1', '2025-05-31 05:08:20'),
(525, 18, NULL, '127.0.0.1', '2025-05-31 05:08:20'),
(526, 18, NULL, '127.0.0.1', '2025-05-31 05:08:20'),
(527, 18, NULL, '127.0.0.1', '2025-05-31 05:08:20'),
(528, 18, NULL, '127.0.0.1', '2025-05-31 05:09:17'),
(529, 18, NULL, '127.0.0.1', '2025-05-31 05:09:17'),
(530, 18, NULL, '127.0.0.1', '2025-05-31 05:09:17'),
(531, 18, NULL, '127.0.0.1', '2025-05-31 05:09:17'),
(532, 18, NULL, '127.0.0.1', '2025-05-31 05:09:35'),
(533, 18, NULL, '127.0.0.1', '2025-05-31 05:09:35'),
(534, 18, NULL, '127.0.0.1', '2025-05-31 05:09:35'),
(535, 18, NULL, '127.0.0.1', '2025-05-31 05:09:35'),
(536, 18, NULL, '127.0.0.1', '2025-05-31 05:09:37'),
(537, 18, NULL, '127.0.0.1', '2025-05-31 05:09:37'),
(538, 18, NULL, '127.0.0.1', '2025-05-31 05:09:37'),
(539, 18, NULL, '127.0.0.1', '2025-05-31 05:09:37'),
(540, 18, NULL, '127.0.0.1', '2025-05-31 05:09:51'),
(541, 18, NULL, '127.0.0.1', '2025-05-31 05:09:51'),
(542, 18, NULL, '127.0.0.1', '2025-05-31 05:09:51'),
(543, 18, NULL, '127.0.0.1', '2025-05-31 05:09:51'),
(544, 18, NULL, '127.0.0.1', '2025-05-31 05:11:59'),
(545, 18, NULL, '127.0.0.1', '2025-05-31 05:11:59'),
(546, 18, NULL, '127.0.0.1', '2025-05-31 05:11:59'),
(547, 18, NULL, '127.0.0.1', '2025-05-31 05:11:59'),
(548, 18, 30, '127.0.0.1', '2025-05-31 05:12:29'),
(549, 18, 30, '127.0.0.1', '2025-05-31 05:12:29'),
(550, 18, NULL, '127.0.0.1', '2025-05-31 05:17:15'),
(551, 18, NULL, '127.0.0.1', '2025-05-31 05:17:15'),
(552, 18, NULL, '127.0.0.1', '2025-05-31 05:17:15'),
(553, 18, NULL, '127.0.0.1', '2025-05-31 05:17:15'),
(554, 18, 1, '::1', '2025-05-31 05:21:51'),
(555, 18, 1, '::1', '2025-05-31 05:21:51'),
(556, 18, 1, '::1', '2025-05-31 05:21:54'),
(557, 18, 1, '::1', '2025-05-31 05:21:54'),
(558, 18, NULL, '127.0.0.1', '2025-05-31 05:22:28'),
(559, 18, NULL, '127.0.0.1', '2025-05-31 05:22:28'),
(560, 18, NULL, '127.0.0.1', '2025-05-31 05:22:28'),
(561, 18, NULL, '127.0.0.1', '2025-05-31 05:22:28'),
(562, 18, 30, '127.0.0.1', '2025-05-31 05:22:34'),
(563, 18, 30, '127.0.0.1', '2025-05-31 05:22:34'),
(564, 18, 30, '127.0.0.1', '2025-05-31 05:23:14'),
(565, 18, 30, '127.0.0.1', '2025-05-31 05:23:14'),
(566, 18, NULL, '127.0.0.1', '2025-05-31 05:28:12'),
(567, 18, NULL, '127.0.0.1', '2025-05-31 05:28:12'),
(568, 18, NULL, '127.0.0.1', '2025-05-31 05:28:12'),
(569, 18, NULL, '127.0.0.1', '2025-05-31 05:28:12'),
(570, 18, NULL, '127.0.0.1', '2025-05-31 05:28:50'),
(571, 18, NULL, '127.0.0.1', '2025-05-31 05:28:50'),
(572, 18, NULL, '127.0.0.1', '2025-05-31 05:28:50'),
(573, 18, NULL, '127.0.0.1', '2025-05-31 05:28:50'),
(574, 18, NULL, '127.0.0.1', '2025-05-31 05:28:51'),
(575, 18, NULL, '127.0.0.1', '2025-05-31 05:28:51'),
(576, 18, NULL, '127.0.0.1', '2025-05-31 05:28:51'),
(577, 18, NULL, '127.0.0.1', '2025-05-31 05:28:51'),
(578, 18, NULL, '127.0.0.1', '2025-05-31 05:30:19'),
(579, 18, NULL, '127.0.0.1', '2025-05-31 05:30:19'),
(580, 18, NULL, '127.0.0.1', '2025-05-31 05:30:20'),
(581, 18, NULL, '127.0.0.1', '2025-05-31 05:30:20'),
(582, 18, 25, '127.0.0.1', '2025-05-31 05:30:39'),
(583, 18, 25, '127.0.0.1', '2025-05-31 05:30:39'),
(584, 18, NULL, '127.0.0.1', '2025-05-31 05:32:05'),
(585, 18, NULL, '127.0.0.1', '2025-05-31 05:32:05'),
(586, 18, NULL, '127.0.0.1', '2025-05-31 05:32:05'),
(587, 18, NULL, '127.0.0.1', '2025-05-31 05:32:05'),
(588, 18, NULL, '127.0.0.1', '2025-05-31 05:32:20'),
(589, 18, NULL, '127.0.0.1', '2025-05-31 05:32:20'),
(590, 18, NULL, '127.0.0.1', '2025-05-31 05:32:20'),
(591, 18, NULL, '127.0.0.1', '2025-05-31 05:32:20'),
(592, 18, NULL, '127.0.0.1', '2025-05-31 05:32:42'),
(593, 18, NULL, '127.0.0.1', '2025-05-31 05:32:42'),
(594, 18, NULL, '127.0.0.1', '2025-05-31 05:32:42'),
(595, 18, NULL, '127.0.0.1', '2025-05-31 05:32:42'),
(596, 18, 25, '127.0.0.1', '2025-05-31 05:32:57'),
(597, 18, 25, '127.0.0.1', '2025-05-31 05:32:57'),
(598, 18, 25, '127.0.0.1', '2025-05-31 05:33:50'),
(599, 18, 25, '127.0.0.1', '2025-05-31 05:33:50'),
(600, 18, 25, '127.0.0.1', '2025-05-31 05:37:53'),
(601, 18, 25, '127.0.0.1', '2025-05-31 05:37:53'),
(602, 18, NULL, '127.0.0.1', '2025-05-31 05:37:55'),
(603, 18, NULL, '127.0.0.1', '2025-05-31 05:37:55'),
(604, 18, NULL, '127.0.0.1', '2025-05-31 05:37:55'),
(605, 18, NULL, '127.0.0.1', '2025-05-31 05:37:55'),
(606, 18, NULL, '127.0.0.1', '2025-05-31 05:40:04'),
(607, 18, NULL, '127.0.0.1', '2025-05-31 05:40:04'),
(608, 18, NULL, '127.0.0.1', '2025-05-31 05:40:04'),
(609, 18, NULL, '127.0.0.1', '2025-05-31 05:40:04'),
(613, 18, NULL, '127.0.0.1', '2025-05-31 05:41:44'),
(614, 18, NULL, '127.0.0.1', '2025-05-31 05:41:44'),
(615, 18, NULL, '127.0.0.1', '2025-05-31 05:41:44'),
(616, 18, NULL, '127.0.0.1', '2025-05-31 05:41:44'),
(620, 18, NULL, '::1', '2025-05-31 05:43:12'),
(621, 18, NULL, '::1', '2025-05-31 05:43:12'),
(622, 18, NULL, '::1', '2025-05-31 05:43:12'),
(623, 18, NULL, '::1', '2025-05-31 05:43:12'),
(624, 21, NULL, '::1', '2025-05-31 05:43:15'),
(625, 21, NULL, '::1', '2025-05-31 05:43:15'),
(626, 21, NULL, '::1', '2025-05-31 05:43:15'),
(627, 18, NULL, '127.0.0.1', '2025-05-31 05:51:02'),
(628, 18, NULL, '127.0.0.1', '2025-05-31 05:51:02'),
(629, 18, NULL, '127.0.0.1', '2025-05-31 05:51:02'),
(630, 18, NULL, '127.0.0.1', '2025-05-31 05:51:02'),
(631, 21, NULL, '127.0.0.1', '2025-05-31 05:51:05'),
(632, 21, NULL, '127.0.0.1', '2025-05-31 05:51:05'),
(633, 21, NULL, '127.0.0.1', '2025-05-31 05:51:05'),
(634, 18, NULL, '127.0.0.1', '2025-05-31 06:00:51'),
(635, 18, NULL, '127.0.0.1', '2025-05-31 06:00:51'),
(636, 18, NULL, '127.0.0.1', '2025-05-31 06:00:51'),
(637, 18, NULL, '127.0.0.1', '2025-05-31 06:00:51'),
(638, 21, NULL, '127.0.0.1', '2025-05-31 06:00:54'),
(639, 21, NULL, '127.0.0.1', '2025-05-31 06:00:54'),
(640, 21, NULL, '127.0.0.1', '2025-05-31 06:00:54'),
(641, 18, NULL, '127.0.0.1', '2025-05-31 06:01:48'),
(642, 18, NULL, '127.0.0.1', '2025-05-31 06:01:48'),
(643, 18, NULL, '127.0.0.1', '2025-05-31 06:01:49'),
(644, 18, NULL, '127.0.0.1', '2025-05-31 06:01:49'),
(645, 21, NULL, '127.0.0.1', '2025-05-31 06:01:51'),
(646, 21, NULL, '127.0.0.1', '2025-05-31 06:01:52'),
(647, 21, NULL, '127.0.0.1', '2025-05-31 06:01:52'),
(648, 18, NULL, '127.0.0.1', '2025-05-31 06:01:55'),
(649, 18, NULL, '127.0.0.1', '2025-05-31 06:01:55'),
(650, 18, NULL, '127.0.0.1', '2025-05-31 06:01:56'),
(651, 18, NULL, '127.0.0.1', '2025-05-31 06:01:56'),
(652, 18, NULL, '127.0.0.1', '2025-05-31 06:02:11'),
(653, 18, NULL, '127.0.0.1', '2025-05-31 06:02:11'),
(654, 18, NULL, '127.0.0.1', '2025-05-31 06:02:11'),
(655, 18, NULL, '127.0.0.1', '2025-05-31 06:02:11'),
(656, 18, NULL, '127.0.0.1', '2025-05-31 06:03:23'),
(657, 18, NULL, '127.0.0.1', '2025-05-31 06:03:23'),
(658, 18, NULL, '127.0.0.1', '2025-05-31 06:03:23'),
(659, 18, NULL, '127.0.0.1', '2025-05-31 06:03:23'),
(660, 18, NULL, '127.0.0.1', '2025-05-31 06:07:54'),
(661, 18, NULL, '127.0.0.1', '2025-05-31 06:08:06'),
(662, 21, NULL, '127.0.0.1', '2025-05-31 06:08:09'),
(663, 18, NULL, '127.0.0.1', '2025-05-31 06:08:30'),
(664, 21, NULL, '127.0.0.1', '2025-05-31 06:08:33'),
(665, 18, NULL, '127.0.0.1', '2025-05-31 06:11:04'),
(666, 21, NULL, '127.0.0.1', '2025-05-31 06:11:07'),
(667, 18, NULL, '127.0.0.1', '2025-05-31 06:15:43'),
(668, 21, NULL, '127.0.0.1', '2025-05-31 06:15:46'),
(669, 18, NULL, '127.0.0.1', '2025-05-31 06:16:09'),
(670, 18, NULL, '127.0.0.1', '2025-05-31 06:16:22'),
(671, 18, NULL, '127.0.0.1', '2025-05-31 06:16:35'),
(672, 21, NULL, '127.0.0.1', '2025-05-31 06:16:38'),
(673, 18, NULL, '127.0.0.1', '2025-05-31 06:17:40'),
(674, 21, NULL, '127.0.0.1', '2025-05-31 06:17:43'),
(675, 18, NULL, '127.0.0.1', '2025-05-31 06:18:15'),
(676, 21, NULL, '127.0.0.1', '2025-05-31 06:18:18'),
(677, 18, NULL, '127.0.0.1', '2025-05-31 06:23:59'),
(678, 18, NULL, '127.0.0.1', '2025-05-31 06:24:10'),
(679, 21, NULL, '127.0.0.1', '2025-05-31 06:24:14'),
(680, 18, NULL, '127.0.0.1', '2025-05-31 06:25:05'),
(681, 21, NULL, '127.0.0.1', '2025-05-31 06:25:08'),
(682, 18, NULL, '127.0.0.1', '2025-05-31 06:25:40'),
(683, 21, NULL, '127.0.0.1', '2025-05-31 06:25:43'),
(684, 18, NULL, '::1', '2025-05-31 06:26:57'),
(685, 18, NULL, '::1', '2025-05-31 06:26:57'),
(686, 18, NULL, '::1', '2025-05-31 06:26:57'),
(687, 18, NULL, '::1', '2025-05-31 06:26:57'),
(688, 21, NULL, '::1', '2025-05-31 06:27:00'),
(689, 21, NULL, '::1', '2025-05-31 06:27:00'),
(690, 21, NULL, '::1', '2025-05-31 06:27:00'),
(691, 18, NULL, '::1', '2025-05-31 06:28:29'),
(692, 18, NULL, '::1', '2025-05-31 06:28:29'),
(693, 18, NULL, '::1', '2025-05-31 06:28:29'),
(694, 18, NULL, '::1', '2025-05-31 06:28:29'),
(695, 18, NULL, '::1', '2025-05-31 06:28:38'),
(696, 21, NULL, '::1', '2025-05-31 06:28:41'),
(697, 18, NULL, '127.0.0.1', '2025-05-31 06:29:08'),
(698, 21, NULL, '127.0.0.1', '2025-05-31 06:29:12'),
(699, 18, NULL, '127.0.0.1', '2025-05-31 06:41:38'),
(700, 21, NULL, '127.0.0.1', '2025-05-31 06:41:41'),
(701, 18, NULL, '127.0.0.1', '2025-05-31 06:42:00'),
(702, 21, NULL, '127.0.0.1', '2025-05-31 06:42:03'),
(703, 18, NULL, '127.0.0.1', '2025-05-31 06:42:30'),
(704, 21, NULL, '127.0.0.1', '2025-05-31 06:42:34'),
(705, 18, NULL, '127.0.0.1', '2025-05-31 06:42:41'),
(706, 21, NULL, '127.0.0.1', '2025-05-31 06:42:45'),
(707, 21, NULL, '127.0.0.1', '2025-05-31 20:42:28'),
(708, 18, NULL, '127.0.0.1', '2025-05-31 20:43:19'),
(709, 18, NULL, '127.0.0.1', '2025-05-31 20:44:05'),
(710, 18, NULL, '127.0.0.1', '2025-05-31 20:45:08'),
(711, 18, NULL, '127.0.0.1', '2025-05-31 20:46:09'),
(712, 18, NULL, '127.0.0.1', '2025-05-31 20:46:50'),
(713, 18, 31, '127.0.0.1', '2025-05-31 20:47:26'),
(714, 18, 31, '127.0.0.1', '2025-05-31 20:48:24'),
(715, 18, NULL, '127.0.0.1', '2025-05-31 20:48:58'),
(716, 18, 31, '127.0.0.1', '2025-05-31 20:49:06'),
(717, 18, 31, '127.0.0.1', '2025-05-31 20:49:21'),
(718, 18, NULL, '127.0.0.1', '2025-05-31 20:49:29'),
(719, 18, NULL, '127.0.0.1', '2025-05-31 20:51:14'),
(720, 18, NULL, '127.0.0.1', '2025-05-31 20:51:58'),
(721, 18, 32, '127.0.0.1', '2025-05-31 20:52:41'),
(722, 18, NULL, '127.0.0.1', '2025-05-31 20:56:04'),
(723, 18, NULL, '127.0.0.1', '2025-05-31 20:56:57'),
(724, 18, NULL, '127.0.0.1', '2025-05-31 20:57:42'),
(725, 18, 33, '127.0.0.1', '2025-05-31 20:58:21'),
(726, 18, NULL, '127.0.0.1', '2025-05-31 20:59:35'),
(727, 18, 30, '127.0.0.1', '2025-05-31 21:03:50'),
(728, 18, NULL, '127.0.0.1', '2025-05-31 21:04:07'),
(729, 18, NULL, '127.0.0.1', '2025-05-31 21:05:56'),
(730, 18, NULL, '127.0.0.1', '2025-05-31 21:06:10'),
(731, 18, NULL, '127.0.0.1', '2025-05-31 21:06:49'),
(732, 18, 34, '127.0.0.1', '2025-05-31 21:07:27'),
(733, 18, NULL, '127.0.0.1', '2025-05-31 21:14:59'),
(734, 18, NULL, '127.0.0.1', '2025-05-31 21:15:13'),
(735, 18, NULL, '127.0.0.1', '2025-05-31 21:15:33'),
(736, 18, NULL, '::1', '2025-05-31 21:15:59'),
(737, 18, NULL, '::1', '2025-05-31 21:15:59'),
(738, 18, NULL, '::1', '2025-05-31 21:15:59'),
(739, 18, NULL, '::1', '2025-05-31 21:15:59'),
(740, 18, 1, '::1', '2025-05-31 21:16:07'),
(741, 18, 1, '::1', '2025-05-31 21:16:07'),
(742, 18, 1, '::1', '2025-05-31 21:16:12'),
(743, 18, 1, '::1', '2025-05-31 21:16:12'),
(744, 18, 1, '::1', '2025-05-31 21:16:30'),
(745, 18, 1, '::1', '2025-05-31 21:16:30'),
(746, 18, NULL, '::1', '2025-05-31 21:16:40'),
(747, 18, NULL, '::1', '2025-05-31 21:16:49'),
(748, 18, 1, '::1', '2025-05-31 21:16:56'),
(749, 18, NULL, '127.0.0.1', '2025-05-31 21:16:57'),
(750, 18, 1, '::1', '2025-05-31 21:16:58'),
(751, 18, 1, '::1', '2025-05-31 21:17:01'),
(752, 18, 1, '::1', '2025-05-31 21:17:11'),
(753, 18, 1, '::1', '2025-05-31 21:17:28'),
(754, 18, 1, '::1', '2025-05-31 21:17:28'),
(755, 18, NULL, '::1', '2025-05-31 21:17:39'),
(756, 18, NULL, '::1', '2025-05-31 21:17:39'),
(757, 18, NULL, '::1', '2025-05-31 21:17:39'),
(758, 18, NULL, '::1', '2025-05-31 21:17:39'),
(759, 18, NULL, '::1', '2025-05-31 21:18:02'),
(760, 18, NULL, '::1', '2025-05-31 21:18:02'),
(761, 18, NULL, '::1', '2025-05-31 21:18:02'),
(762, 18, NULL, '::1', '2025-05-31 21:18:02'),
(763, 18, NULL, '::1', '2025-05-31 21:18:27'),
(764, 18, NULL, '::1', '2025-05-31 21:18:27'),
(765, 18, NULL, '::1', '2025-05-31 21:18:27'),
(766, 18, NULL, '::1', '2025-05-31 21:18:27'),
(767, 18, 17, '::1', '2025-05-31 21:18:35'),
(768, 18, 17, '::1', '2025-05-31 21:18:35'),
(769, 18, 17, '::1', '2025-05-31 21:18:58'),
(770, 18, 17, '::1', '2025-05-31 21:18:58'),
(771, 18, 17, '::1', '2025-05-31 21:19:23'),
(772, 18, 17, '::1', '2025-05-31 21:19:23'),
(773, 18, 17, '::1', '2025-05-31 21:19:43'),
(774, 18, 17, '::1', '2025-05-31 21:19:43'),
(775, 18, 17, '::1', '2025-05-31 21:19:57'),
(776, 18, 17, '::1', '2025-05-31 21:19:57'),
(777, 18, 17, '::1', '2025-05-31 21:20:20'),
(778, 18, 17, '::1', '2025-05-31 21:20:20'),
(779, 18, 17, '::1', '2025-05-31 21:23:22'),
(780, 18, 17, '::1', '2025-05-31 21:23:22'),
(781, 18, 17, '::1', '2025-05-31 21:23:35'),
(782, 18, 17, '::1', '2025-05-31 21:23:35'),
(783, 18, 17, '::1', '2025-05-31 21:23:45'),
(784, 18, 17, '::1', '2025-05-31 21:23:45'),
(785, 18, 17, '::1', '2025-05-31 21:25:54'),
(786, 18, 17, '::1', '2025-05-31 21:25:54'),
(787, 18, 17, '::1', '2025-05-31 21:26:11'),
(788, 18, 17, '::1', '2025-05-31 21:26:11'),
(789, 18, NULL, '::1', '2025-05-31 21:27:15'),
(790, 18, NULL, '::1', '2025-05-31 21:27:15'),
(791, 18, NULL, '::1', '2025-05-31 21:27:15'),
(792, 18, NULL, '::1', '2025-05-31 21:27:15'),
(793, 18, NULL, '::1', '2025-05-31 21:29:56'),
(794, 18, NULL, '::1', '2025-05-31 21:29:56'),
(795, 18, NULL, '::1', '2025-05-31 21:29:56'),
(796, 18, NULL, '::1', '2025-05-31 21:29:56'),
(800, 18, 25, '127.0.0.1', '2025-05-31 21:30:19'),
(803, 18, NULL, '::1', '2025-06-01 00:59:14'),
(804, 18, NULL, '::1', '2025-06-01 00:59:14'),
(805, 18, NULL, '::1', '2025-06-01 00:59:14'),
(806, 18, NULL, '::1', '2025-06-01 00:59:14'),
(807, 18, 1, '::1', '2025-06-01 01:00:26'),
(808, 18, NULL, '127.0.0.1', '2025-06-01 13:01:13'),
(809, 18, NULL, '::1', '2025-06-01 20:32:57'),
(810, 18, NULL, '127.0.0.1', '2025-06-01 20:34:22'),
(811, 18, 25, '127.0.0.1', '2025-06-01 20:37:58'),
(812, 18, 25, '127.0.0.1', '2025-06-01 20:39:53'),
(813, 18, 25, '127.0.0.1', '2025-06-01 20:40:55'),
(814, 18, 25, '127.0.0.1', '2025-06-01 20:43:34'),
(815, 18, 25, '127.0.0.1', '2025-06-01 20:54:37'),
(816, 18, 25, '127.0.0.1', '2025-06-01 20:56:07'),
(817, 18, NULL, '127.0.0.1', '2025-06-01 20:57:32'),
(818, 18, 25, '127.0.0.1', '2025-06-01 20:59:01'),
(819, 18, 25, '127.0.0.1', '2025-06-01 22:01:35'),
(820, 18, 25, '127.0.0.1', '2025-06-01 22:01:49'),
(821, 18, NULL, '127.0.0.1', '2025-06-01 22:01:52'),
(822, 18, 25, '127.0.0.1', '2025-06-01 22:04:21'),
(823, 18, 25, '127.0.0.1', '2025-06-01 22:04:56'),
(824, 18, 25, '127.0.0.1', '2025-06-01 22:05:24'),
(825, 18, 25, '127.0.0.1', '2025-06-01 22:13:57'),
(826, 18, NULL, '127.0.0.1', '2025-06-01 22:13:59'),
(827, 18, NULL, '::1', '2025-06-01 22:14:33'),
(828, 18, 1, '::1', '2025-06-01 22:14:38'),
(829, 18, 1, '::1', '2025-06-01 22:14:39'),
(830, 18, 25, '127.0.0.1', '2025-06-01 22:16:57'),
(831, 18, NULL, '127.0.0.1', '2025-06-01 22:16:59'),
(832, 18, NULL, '127.0.0.1', '2025-06-01 22:29:23'),
(833, 18, NULL, '127.0.0.1', '2025-06-01 22:29:38'),
(834, 18, 25, '127.0.0.1', '2025-06-01 22:32:48'),
(835, 18, NULL, '127.0.0.1', '2025-06-01 22:33:21'),
(836, 18, 1, '::1', '2025-06-01 22:36:08'),
(837, 18, 1, '::1', '2025-06-01 22:36:11'),
(838, 18, 1, '::1', '2025-06-01 22:37:02'),
(839, 18, 1, '::1', '2025-06-01 22:37:05'),
(840, 18, 1, '::1', '2025-06-01 22:40:28'),
(841, 18, NULL, '127.0.0.1', '2025-06-01 22:45:10'),
(842, 18, NULL, '127.0.0.1', '2025-06-01 22:46:48'),
(843, 18, NULL, '127.0.0.1', '2025-06-01 22:46:57'),
(844, 18, NULL, '127.0.0.1', '2025-06-01 22:47:01'),
(845, 18, 1, '::1', '2025-06-01 22:51:13'),
(846, 18, NULL, '::1', '2025-06-01 22:51:16'),
(847, 18, 1, '::1', '2025-06-01 22:51:22'),
(848, 18, 1, '::1', '2025-06-01 22:51:24'),
(849, 18, 1, '::1', '2025-06-01 22:52:51'),
(850, 18, 1, '::1', '2025-06-01 22:54:02'),
(851, 18, 1, '::1', '2025-06-01 22:54:46'),
(852, 18, NULL, '127.0.0.1', '2025-06-01 23:00:35'),
(853, 18, NULL, '127.0.0.1', '2025-06-01 23:09:40'),
(854, 18, NULL, '127.0.0.1', '2025-06-01 23:10:58'),
(855, 18, NULL, '127.0.0.1', '2025-06-01 23:11:09'),
(856, 18, NULL, '127.0.0.1', '2025-06-01 23:11:45'),
(857, 18, NULL, '127.0.0.1', '2025-06-01 23:19:24'),
(858, 18, NULL, '127.0.0.1', '2025-06-01 23:21:26'),
(859, 18, NULL, '127.0.0.1', '2025-06-01 23:26:27'),
(860, 18, NULL, '127.0.0.1', '2025-06-01 23:29:40'),
(861, 18, NULL, '127.0.0.1', '2025-06-01 23:33:17'),
(862, 18, NULL, '127.0.0.1', '2025-06-01 23:40:01'),
(863, 21, 25, '127.0.0.1', '2025-06-01 23:40:37'),
(864, 21, 25, '127.0.0.1', '2025-06-01 23:41:12'),
(865, 21, 25, '127.0.0.1', '2025-06-02 00:44:37'),
(866, 21, 25, '127.0.0.1', '2025-06-02 01:43:36'),
(867, 21, 25, '127.0.0.1', '2025-06-02 01:45:00'),
(868, 18, NULL, '127.0.0.1', '2025-06-02 01:45:20'),
(869, 18, NULL, '127.0.0.1', '2025-06-02 03:10:37'),
(870, 18, 25, '127.0.0.1', '2025-06-02 03:58:31'),
(871, 18, 25, '127.0.0.1', '2025-06-02 04:03:12'),
(872, 18, 25, '127.0.0.1', '2025-06-02 04:29:00'),
(873, 18, 25, '127.0.0.1', '2025-06-02 05:11:16'),
(874, 18, NULL, '127.0.0.1', '2025-06-02 15:34:29'),
(875, 18, NULL, '127.0.0.1', '2025-06-02 15:35:20'),
(876, 18, NULL, '127.0.0.1', '2025-06-02 15:35:49'),
(877, 18, 26, '127.0.0.1', '2025-06-02 15:36:21'),
(878, 18, 26, '127.0.0.1', '2025-06-02 17:13:45'),
(879, 18, NULL, '127.0.0.1', '2025-06-02 17:13:47'),
(880, 18, NULL, '127.0.0.1', '2025-06-02 17:13:50'),
(881, 18, NULL, '127.0.0.1', '2025-06-02 17:15:06'),
(882, 18, 35, '127.0.0.1', '2025-06-02 17:15:29'),
(883, 18, 35, '127.0.0.1', '2025-06-02 17:16:27'),
(884, 18, NULL, '127.0.0.1', '2025-06-02 17:18:31'),
(885, 18, NULL, '127.0.0.1', '2025-06-02 17:19:44'),
(886, 18, NULL, '127.0.0.1', '2025-06-02 17:30:06'),
(887, 18, 17, '127.0.0.1', '2025-06-02 17:30:49'),
(888, 18, NULL, '127.0.0.1', '2025-06-03 20:09:12'),
(889, 18, NULL, '127.0.0.1', '2025-06-03 20:09:56'),
(890, 18, NULL, '127.0.0.1', '2025-06-03 20:13:52'),
(891, 18, 36, '127.0.0.1', '2025-06-03 20:14:28'),
(892, 18, 36, '127.0.0.1', '2025-06-03 20:18:46'),
(893, 18, 36, '127.0.0.1', '2025-06-03 20:35:42'),
(894, 18, 36, '127.0.0.1', '2025-06-03 20:35:59'),
(895, 18, 36, '127.0.0.1', '2025-06-03 20:36:09'),
(896, 18, NULL, '127.0.0.1', '2025-06-03 20:41:23'),
(897, 18, NULL, '127.0.0.1', '2025-06-04 09:17:56'),
(898, 18, NULL, '127.0.0.1', '2025-06-04 09:20:03'),
(899, 18, NULL, '127.0.0.1', '2025-06-04 09:20:06'),
(900, 18, 25, '127.0.0.1', '2025-06-04 09:20:22'),
(901, 18, 25, '127.0.0.1', '2025-06-04 10:21:33'),
(902, 18, NULL, '127.0.0.1', '2025-06-04 10:34:39'),
(903, 18, 25, '127.0.0.1', '2025-06-04 10:53:50'),
(904, 18, NULL, '127.0.0.1', '2025-06-04 11:50:46'),
(905, 18, NULL, '127.0.0.1', '2025-06-04 11:54:16'),
(906, 18, NULL, '127.0.0.1', '2025-06-04 11:54:25'),
(907, 18, 30, '127.0.0.1', '2025-06-04 12:31:14'),
(908, 18, 30, '127.0.0.1', '2025-06-04 12:32:11'),
(909, 18, 30, '127.0.0.1', '2025-06-04 12:41:46'),
(910, 18, NULL, '127.0.0.1', '2025-06-04 12:44:02'),
(911, 18, NULL, '127.0.0.1', '2025-06-04 12:44:04'),
(912, 18, NULL, '127.0.0.1', '2025-06-04 12:44:21');

-- --------------------------------------------------------

--
-- Table structure for table `allergies`
--

CREATE TABLE `allergies` (
  `allergy_id` int(11) NOT NULL,
  `allergy_name` varchar(50) NOT NULL
) ENGINE=InnoDB DEFAULT CHARSET=utf8mb4 COLLATE=utf8mb4_general_ci;

--
-- Dumping data for table `allergies`
--

INSERT INTO `allergies` (`allergy_id`, `allergy_name`) VALUES
(3, 'Dairy'),
(4, 'Eggs'),
(8, 'Fish'),
(10, 'Non-Halal'),
(9, 'None'),
(1, 'Peanuts'),
(5, 'Shellfish'),
(6, 'Soy'),
(2, 'Tree Nuts'),
(7, 'Wheat');

-- --------------------------------------------------------

--
-- Table structure for table `allergy_ingredient_mapping`
--

CREATE TABLE `allergy_ingredient_mapping` (
  `allergy_id` int(11) NOT NULL,
  `ingredient_id` int(11) NOT NULL
) ENGINE=InnoDB DEFAULT CHARSET=utf8mb4 COLLATE=utf8mb4_general_ci;

--
-- Dumping data for table `allergy_ingredient_mapping`
--

INSERT INTO `allergy_ingredient_mapping` (`allergy_id`, `ingredient_id`) VALUES
(1, 63),
(2, 64),
(2, 65),
(2, 66),
(2, 67),
(3, 9),
(3, 10),
(3, 11),
(3, 36),
(3, 55),
(3, 56),
(3, 80),
(3, 81),
(3, 84),
(4, 8),
(4, 36),
(5, 40),
(5, 82),
(6, 34),
(6, 70),
(6, 71),
(7, 19),
(7, 29),
(7, 57),
(7, 73),
(7, 75),
(8, 39),
(8, 41),
(8, 42),
(8, 68),
(10, 38);

-- --------------------------------------------------------

--
-- Table structure for table `dietary_preferences`
--

CREATE TABLE `dietary_preferences` (
  `preference_id` int(11) NOT NULL,
  `preference_name` varchar(50) NOT NULL
) ENGINE=InnoDB DEFAULT CHARSET=utf8mb4 COLLATE=utf8mb4_general_ci;

--
-- Dumping data for table `dietary_preferences`
--

INSERT INTO `dietary_preferences` (`preference_id`, `preference_name`) VALUES
(4, 'Gluten-Free'),
(8, 'Halal'),
(5, 'Keto'),
(7, 'None'),
(6, 'Paleo'),
(3, 'Pescatarian'),
(2, 'Vegan'),
(1, 'Vegetarian');

-- --------------------------------------------------------

--
-- Table structure for table `favorites`
--

CREATE TABLE `favorites` (
  `id` int(11) NOT NULL,
  `user_id` int(11) NOT NULL,
  `recipe_id` int(11) NOT NULL,
  `created_at` timestamp NOT NULL DEFAULT current_timestamp()
) ENGINE=InnoDB DEFAULT CHARSET=utf8mb4 COLLATE=utf8mb4_general_ci;

--
-- Dumping data for table `favorites`
--

INSERT INTO `favorites` (`id`, `user_id`, `recipe_id`, `created_at`) VALUES
(118, 19, 41, '2025-01-21 01:38:39'),
(119, 21, 47, '2025-01-21 02:25:44'),
(120, 21, 46, '2025-01-21 02:25:46'),
(123, 17, 47, '2025-03-20 08:29:18'),
(125, 25, 50, '2025-03-24 21:33:44'),
(126, 25, 62, '2025-03-24 21:33:46'),
(128, 17, 42, '2025-03-25 21:58:35'),
(132, 25, 64, '2025-05-09 03:35:46'),
(133, 25, 53, '2025-05-09 03:35:50'),
(134, 26, 57, '2025-05-10 17:54:06'),
(135, 26, 55, '2025-05-10 17:54:08'),
(136, 26, 45, '2025-05-13 19:49:15'),
(138, 17, 41, '2025-05-31 13:18:55');

-- --------------------------------------------------------

--
-- Table structure for table `ingredients`
--

CREATE TABLE `ingredients` (
  `ingredient_id` int(11) NOT NULL,
  `name` varchar(100) NOT NULL
) ENGINE=InnoDB DEFAULT CHARSET=utf8mb4 COLLATE=utf8mb4_general_ci;

--
-- Dumping data for table `ingredients`
--

INSERT INTO `ingredients` (`ingredient_id`, `name`) VALUES
(65, 'Almonds'),
(51, 'Apple'),
(78, 'Arborio Rice'),
(69, 'Avocado'),
(52, 'Banana'),
(21, 'Basil'),
(7, 'Beef'),
(72, 'Beetroot'),
(16, 'Bell Pepper'),
(85, 'Black Pepper'),
(54, 'Blueberry'),
(57, 'Bread'),
(44, 'Broccoli'),
(31, 'Brown Sugar'),
(11, 'Butter'),
(59, 'Cabbage'),
(4, 'Carrot'),
(64, 'Cashews'),
(45, 'Cauliflower'),
(9, 'Cheese'),
(6, 'Chicken Breast'),
(62, 'Chickpeas'),
(26, 'Chili'),
(27, 'Cinnamon'),
(55, 'Coconut Milk'),
(48, 'Corn'),
(75, 'Couscous'),
(82, 'Crab'),
(15, 'Cucumber'),
(8, 'Egg'),
(58, 'Eggplant'),
(39, 'Fish'),
(29, 'Flour'),
(3, 'Garlic'),
(25, 'Ginger'),
(37, 'Ground Beef'),
(32, 'Honey'),
(77, 'Kale'),
(35, 'Ketchup'),
(43, 'Lamb'),
(50, 'Lemon'),
(61, 'Lentils'),
(13, 'Lettuce'),
(49, 'Lime'),
(36, 'Mayonnaise'),
(10, 'Milk'),
(80, 'Mozarella'),
(17, 'Mushroom'),
(73, 'Oats'),
(12, 'Olive Oil'),
(2, 'Onion'),
(81, 'Parmesan'),
(22, 'Parsley'),
(19, 'Pasta'),
(63, 'Peanuts'),
(47, 'Peas'),
(67, 'Pine Nuts'),
(38, 'Pork'),
(5, 'Potato'),
(60, 'Pumpkin'),
(74, 'Quinoa'),
(18, 'Rice'),
(24, 'Rosemary'),
(41, 'Salmon'),
(20, 'Salt'),
(68, 'Seaweed'),
(40, 'Shrimp'),
(34, 'Soy Sauce'),
(14, 'Spinach'),
(53, 'Strawberry'),
(30, 'Sugar'),
(71, 'Tempeh'),
(84, 'test2'),
(23, 'Thyme'),
(70, 'Tofu'),
(1, 'Tomato'),
(42, 'Tuna'),
(28, 'Vanilla Extract'),
(33, 'Vinegar'),
(66, 'Walnuts'),
(56, 'Yogurt'),
(46, 'Zucchini');

-- --------------------------------------------------------

--
-- Table structure for table `ingredient_measurement_defaults`
--

CREATE TABLE `ingredient_measurement_defaults` (
  `id` int(11) NOT NULL,
  `ingredient_id` int(11) NOT NULL,
  `measurement_id` int(11) NOT NULL,
  `is_default` tinyint(1) DEFAULT 1
) ENGINE=InnoDB DEFAULT CHARSET=utf8mb4 COLLATE=utf8mb4_general_ci;

--
-- Dumping data for table `ingredient_measurement_defaults`
--

INSERT INTO `ingredient_measurement_defaults` (`id`, `ingredient_id`, `measurement_id`, `is_default`) VALUES
(1, 10, 1, 1),
(2, 10, 6, 0),
(3, 10, 15, 0),
(4, 12, 3, 1),
(5, 12, 1, 0),
(6, 33, 3, 1),
(7, 33, 1, 0),
(8, 34, 3, 1),
(9, 34, 1, 0),
(10, 32, 3, 1),
(11, 32, 1, 0),
(12, 55, 1, 1),
(13, 55, 20, 0),
(14, 35, 3, 1),
(15, 36, 3, 1),
(16, 36, 1, 0),
(17, 20, 2, 1),
(18, 20, 10, 0),
(19, 27, 2, 1),
(20, 21, 3, 0),
(21, 21, 24, 1),
(22, 22, 3, 0),
(23, 22, 24, 1),
(24, 23, 2, 0),
(25, 23, 24, 1),
(26, 24, 2, 0),
(27, 24, 24, 1),
(28, 25, 3, 1),
(29, 25, 2, 0),
(30, 3, 19, 1),
(31, 3, 2, 0),
(32, 1, 27, 1),
(33, 1, 1, 0),
(34, 2, 27, 1),
(35, 2, 1, 0),
(36, 4, 27, 1),
(37, 4, 1, 0),
(38, 5, 27, 1),
(39, 5, 1, 0),
(40, 16, 27, 1),
(41, 16, 1, 0),
(42, 14, 1, 1),
(43, 14, 4, 0),
(44, 17, 1, 1),
(45, 17, 4, 0),
(46, 15, 27, 1),
(47, 15, 1, 0),
(48, 13, 1, 1),
(49, 13, 27, 0),
(50, 44, 1, 1),
(51, 44, 4, 0),
(52, 45, 27, 1),
(53, 45, 1, 0),
(54, 59, 1, 0),
(55, 59, 27, 1),
(56, 51, 27, 1),
(57, 51, 1, 0),
(58, 52, 27, 1),
(59, 53, 1, 1),
(60, 53, 4, 0),
(61, 54, 1, 1),
(62, 54, 4, 0),
(63, 50, 27, 1),
(64, 50, 3, 0),
(65, 49, 27, 1),
(66, 49, 3, 0),
(67, 69, 27, 1),
(68, 69, 1, 0),
(69, 6, 18, 1),
(70, 6, 4, 0),
(71, 7, 4, 1),
(72, 7, 9, 0),
(73, 8, 27, 1),
(74, 9, 1, 1),
(75, 9, 4, 0),
(76, 70, 4, 1),
(77, 70, 1, 0),
(78, 71, 4, 1),
(79, 71, 1, 0),
(80, 39, 4, 1),
(81, 39, 27, 0),
(82, 41, 4, 1),
(83, 41, 27, 0),
(84, 40, 4, 1),
(85, 40, 27, 0),
(86, 18, 1, 1),
(87, 18, 4, 0),
(88, 19, 1, 1),
(89, 19, 4, 0),
(90, 29, 1, 1),
(91, 29, 4, 0),
(92, 73, 1, 1),
(93, 73, 4, 0),
(94, 57, 17, 1),
(95, 57, 27, 0),
(96, 30, 3, 0),
(97, 30, 1, 1),
(98, 31, 3, 0),
(99, 31, 1, 1),
(100, 63, 1, 1),
(101, 63, 4, 0),
(102, 65, 1, 1),
(103, 65, 4, 0),
(104, 66, 1, 1),
(105, 66, 4, 0),
(106, 64, 1, 1),
(107, 64, 4, 0),
(108, 62, 1, 1),
(109, 62, 20, 0),
(110, 61, 1, 1),
(111, 61, 4, 0),
(112, 11, 3, 1),
(113, 11, 1, 0),
(114, 56, 1, 1),
(115, 56, 4, 0),
(116, 81, 1, 0),
(117, 81, 3, 1),
(118, 80, 1, 1),
(119, 80, 4, 0);

-- --------------------------------------------------------

--
-- Table structure for table `meal_plans`
--

CREATE TABLE `meal_plans` (
  `meal_plan_id` int(11) NOT NULL,
  `user_id` int(11) NOT NULL,
  `meal_date` date NOT NULL,
  `meal_type` enum('Breakfast','Lunch','Dinner','Snack') NOT NULL,
  `recipe_id` int(11) NOT NULL,
  `serving_size` int(11) DEFAULT NULL,
  `notes` text DEFAULT NULL,
  `created_at` timestamp NOT NULL DEFAULT current_timestamp(),
  `updated_at` timestamp NOT NULL DEFAULT current_timestamp() ON UPDATE current_timestamp()
) ENGINE=InnoDB DEFAULT CHARSET=utf8mb4 COLLATE=utf8mb4_general_ci;

--
-- Dumping data for table `meal_plans`
--

INSERT INTO `meal_plans` (`meal_plan_id`, `user_id`, `meal_date`, `meal_type`, `recipe_id`, `serving_size`, `notes`, `created_at`, `updated_at`) VALUES
(1, 1, '2025-03-19', 'Breakfast', 55, 3, '', '2025-03-19 18:14:31', '2025-03-19 18:14:31'),
(2, 1, '2025-03-21', 'Dinner', 50, 10, '', '2025-03-19 18:17:39', '2025-03-19 18:17:39'),
(3, 1, '2025-04-01', 'Breakfast', 47, 1, '', '2025-03-19 18:37:10', '2025-03-19 18:37:10'),
(4, 1, '2025-03-19', 'Snack', 54, 5, '', '2025-03-19 18:40:22', '2025-03-19 18:40:22'),
(5, 1, '2025-03-19', 'Lunch', 50, 3, '', '2025-03-19 18:40:55', '2025-03-19 18:40:55'),
(6, 1, '2025-04-03', 'Breakfast', 53, 1, '', '2025-03-19 19:03:51', '2025-03-19 19:03:51'),
(7, 17, '2025-03-20', 'Breakfast', 43, 4, '', '2025-03-20 08:29:40', '2025-03-20 08:29:40'),
(8, 17, '2025-03-20', 'Breakfast', 54, 2, '', '2025-03-20 08:30:10', '2025-03-20 08:30:10'),
(9, 17, '2025-03-22', 'Lunch', 45, 4, '', '2025-03-20 08:30:34', '2025-03-20 08:30:34'),
(10, 25, '2025-03-30', 'Lunch', 62, 8, 'lunch party with friends!!', '2025-03-24 21:34:47', '2025-03-24 21:34:47'),
(11, 17, '2025-04-09', 'Breakfast', 62, 1, '', '2025-04-09 07:30:47', '2025-04-09 07:30:47'),
(12, 17, '2025-04-21', 'Lunch', 57, 4, '', '2025-04-21 05:22:56', '2025-04-21 05:22:56'),
(13, 17, '2025-04-21', 'Dinner', 44, 4, '', '2025-04-21 05:23:34', '2025-04-21 05:23:34'),
(15, 17, '2025-04-22', 'Snack', 64, 4, '', '2025-04-21 06:25:34', '2025-04-21 06:25:34'),
(16, 26, '2025-05-01', 'Breakfast', 46, 4, '', '2025-05-01 15:13:14', '2025-05-01 15:13:14'),
(17, 17, '2025-05-01', 'Breakfast', 53, 1, '', '2025-05-01 15:41:46', '2025-05-01 15:41:46'),
(18, 1, '2025-05-01', 'Breakfast', 54, 1, '', '2025-05-01 16:04:19', '2025-05-01 16:04:19'),
(19, 26, '2025-05-01', 'Lunch', 54, 1, '', '2025-05-01 16:08:42', '2025-05-01 16:08:42'),
(20, 25, '2025-05-01', 'Breakfast', 62, 10, '', '2025-05-01 16:26:40', '2025-05-01 16:26:40'),
(21, 1, '2025-05-07', 'Breakfast', 54, 4, '', '2025-05-07 03:22:40', '2025-05-07 03:22:40'),
(22, 1, '2025-05-07', 'Lunch', 50, 5, '', '2025-05-07 03:24:03', '2025-05-07 03:24:03'),
(23, 17, '2025-05-23', 'Breakfast', 53, 10, '', '2025-05-23 15:06:39', '2025-05-23 15:06:39'),
(24, 17, '2025-05-24', 'Dinner', 47, 10, '', '2025-05-23 15:07:20', '2025-05-23 15:07:20'),
(25, 25, '2025-05-23', 'Breakfast', 62, 1, '', '2025-05-23 15:37:41', '2025-05-23 15:37:41'),
(26, 25, '2025-05-27', 'Breakfast', 62, 1, '', '2025-05-27 09:07:39', '2025-05-27 09:07:39'),
(27, 25, '2025-05-28', 'Breakfast', 62, 1, '', '2025-05-28 18:45:33', '2025-05-28 18:45:33'),
(28, 25, '2025-05-31', 'Lunch', 43, 10, '', '2025-05-28 18:51:28', '2025-05-28 18:51:28'),
(29, 26, '2025-05-29', 'Breakfast', 52, 1, '', '2025-05-29 13:51:12', '2025-05-29 13:51:12'),
(30, 30, '2025-05-30', 'Breakfast', 53, 4, '', '2025-05-30 21:13:48', '2025-05-30 21:13:48'),
(31, 30, '2025-05-30', 'Dinner', 43, 3, '', '2025-05-30 21:13:58', '2025-05-30 21:13:58'),
(32, 25, '2025-05-30', 'Snack', 55, 2, '', '2025-05-30 21:35:04', '2025-05-30 21:35:04'),
(34, 34, '2025-05-31', 'Breakfast', 55, 3, '', '2025-05-31 13:10:41', '2025-05-31 13:10:41'),
(35, 34, '2025-06-01', 'Dinner', 43, 3, '', '2025-05-31 13:10:51', '2025-05-31 13:10:51'),
(36, 17, '2025-05-31', 'Breakfast', 55, 3, '', '2025-05-31 13:22:06', '2025-05-31 13:22:06'),
(37, 17, '2025-06-01', 'Dinner', 64, 6, '', '2025-05-31 13:22:20', '2025-05-31 13:22:20'),
(38, 25, '2025-06-01', 'Breakfast', 53, 1, '', '2025-06-01 12:44:19', '2025-06-01 12:44:19'),
(40, 36, '2025-06-03', 'Breakfast', 50, 100, '', '2025-06-03 12:27:38', '2025-06-03 12:27:38'),
(41, 36, '2025-06-03', 'Lunch', 43, 100, '', '2025-06-03 12:27:55', '2025-06-03 12:27:55'),
(42, 36, '2025-06-03', 'Dinner', 49, 100, '', '2025-06-03 12:28:18', '2025-06-03 12:28:18'),
(43, 36, '2025-06-03', 'Snack', 46, 100, '', '2025-06-03 12:29:17', '2025-06-03 12:29:17'),
(44, 30, '2025-06-04', 'Breakfast', 53, 3, '', '2025-06-04 04:33:22', '2025-06-04 04:33:22'),
(45, 30, '2025-06-05', 'Snack', 64, 6, '', '2025-06-04 04:33:37', '2025-06-04 04:33:37');

-- --------------------------------------------------------

--
-- Table structure for table `measurements`
--

CREATE TABLE `measurements` (
  `measurement_id` int(11) NOT NULL,
  `name` varchar(50) NOT NULL
) ENGINE=InnoDB DEFAULT CHARSET=utf8mb4 COLLATE=utf8mb4_general_ci;

--
-- Dumping data for table `measurements`
--

INSERT INTO `measurements` (`measurement_id`, `name`) VALUES
(21, 'bottle'),
(23, 'box'),
(25, 'bunch'),
(20, 'can'),
(19, 'clove'),
(1, 'cup'),
(11, 'dash'),
(15, 'fluid ounce'),
(14, 'gallon'),
(4, 'gram'),
(26, 'handful'),
(8, 'kilogram'),
(6, 'liter'),
(7, 'milliliter'),
(5, 'ounce'),
(22, 'packet'),
(18, 'piece'),
(10, 'pinch'),
(13, 'pint'),
(9, 'pound'),
(12, 'quart'),
(17, 'slice'),
(24, 'sprig'),
(16, 'stick'),
(3, 'tablespoon'),
(2, 'teaspoon'),
(27, 'whole');

-- --------------------------------------------------------

--
-- Table structure for table `pantry`
--

CREATE TABLE `pantry` (
  `pantry_id` int(11) NOT NULL,
  `user_id` int(11) NOT NULL,
  `ingredient_id` int(11) NOT NULL,
  `quantity` decimal(10,2) NOT NULL,
  `measurement_id` int(11) NOT NULL,
  `added_at` timestamp NOT NULL DEFAULT current_timestamp(),
  `expiration_date` date NOT NULL
) ENGINE=InnoDB DEFAULT CHARSET=utf8mb4 COLLATE=utf8mb4_general_ci;

--
-- Dumping data for table `pantry`
--

INSERT INTO `pantry` (`pantry_id`, `user_id`, `ingredient_id`, `quantity`, `measurement_id`, `added_at`, `expiration_date`) VALUES
(15, 14, 71, 350.00, 4, '2024-12-22 14:02:05', '2024-12-23'),
(17, 4, 65, 12.00, 21, '2025-01-08 04:53:24', '2025-01-09'),
(18, 4, 69, 3.00, 8, '2025-01-09 02:35:35', '2025-01-08'),
(19, 4, 7, 200.00, 4, '2025-01-10 03:44:54', '2025-01-13'),
(21, 19, 26, 1.00, 22, '2025-01-21 01:39:57', '2025-01-29'),
(22, 19, 18, 2.00, 22, '2025-01-21 07:52:46', '2025-02-21'),
(168, 17, 51, 3.00, 27, '2025-05-30 20:00:11', '2025-06-04'),
(170, 30, 15, 150.00, 4, '2025-05-30 21:14:33', '2025-06-02'),
(183, 34, 69, 1.50, 27, '2025-05-31 13:11:56', '2025-06-01'),
(184, 34, 62, 1.00, 20, '2025-05-31 13:11:56', '2025-05-29'),
(185, 34, 15, 1.50, 27, '2025-05-31 13:11:56', '2025-06-14'),
(186, 34, 15, 150.00, 4, '2025-05-31 13:11:56', '2025-06-14'),
(187, 34, 50, 0.20, 1, '2025-05-31 13:11:56', '2025-06-14'),
(188, 34, 50, 1.50, 27, '2025-05-31 13:11:56', '2025-06-14'),
(189, 34, 12, 1.50, 3, '2025-05-31 13:11:56', '2025-06-14'),
(190, 34, 12, 0.15, 1, '2025-05-31 13:11:56', '2025-06-14'),
(191, 34, 22, 0.50, 22, '2025-05-31 13:11:56', '2025-06-14'),
(192, 34, 1, 1.00, 1, '2025-05-31 13:11:56', '2025-06-14'),
(193, 1, 65, 1.00, 21, '2025-05-31 13:17:11', '2025-05-12'),
(194, 17, 69, 1.50, 27, '2025-05-31 13:23:13', '2025-06-14'),
(195, 17, 9, 1.00, 8, '2025-05-31 13:23:13', '2025-06-14'),
(196, 17, 15, 1.50, 27, '2025-05-31 13:23:13', '2025-06-14'),
(197, 17, 8, 7.00, 18, '2025-05-31 13:23:13', '2025-06-14'),
(198, 17, 29, 36.00, 4, '2025-05-31 13:23:13', '2025-06-14'),
(199, 17, 50, 1.50, 27, '2025-05-31 13:23:13', '2025-06-14'),
(200, 17, 12, 1.50, 3, '2025-05-31 13:23:13', '2025-06-14'),
(201, 17, 20, 1.00, 2, '2025-05-31 13:23:13', '2025-06-14'),
(203, 17, 28, 1.00, 3, '2025-05-31 13:23:14', '2025-06-14'),
(211, 25, 3, 0.50, 19, '2025-06-01 12:59:41', '2025-05-30'),
(212, 25, 12, 0.50, 3, '2025-06-01 12:59:41', '2025-06-15'),
(213, 25, 2, 0.25, 27, '2025-06-01 12:59:41', '2025-06-15'),
(214, 25, 1, 1.50, 27, '2025-06-01 12:59:41', '2025-06-15'),
(215, 35, 51, 0.22, 27, '2025-06-02 09:17:55', '2025-06-16'),
(216, 35, 8, 0.11, 27, '2025-06-02 09:17:55', '2025-06-16'),
(217, 35, 29, 0.33, 1, '2025-06-02 09:17:55', '2025-06-16'),
(218, 35, 30, 0.22, 1, '2025-06-02 09:17:55', '2025-06-16'),
(219, 36, 69, 50.00, 27, '2025-06-03 12:32:46', '2025-06-02'),
(220, 36, 16, 25.00, 27, '2025-06-03 12:32:46', '2025-06-17'),
(221, 36, 11, 250.00, 3, '2025-06-03 12:32:46', '2025-06-17'),
(222, 36, 25, 50.00, 3, '2025-06-03 12:32:46', '2025-06-17'),
(223, 30, 9, 1.00, 8, '2025-06-04 04:34:36', '2025-06-18'),
(224, 30, 8, 7.00, 18, '2025-06-04 04:34:36', '2025-06-18'),
(225, 30, 29, 36.00, 4, '2025-06-04 04:34:36', '2025-06-18'),
(226, 30, 3, 1.50, 19, '2025-06-04 04:34:36', '2025-06-18'),
(227, 30, 12, 1.50, 3, '2025-06-04 04:34:36', '2025-06-18'),
(228, 30, 2, 0.75, 27, '2025-06-04 04:34:36', '2025-06-18'),
(229, 30, 20, 1.00, 2, '2025-06-04 04:34:36', '2025-06-18'),
(230, 30, 30, 320.00, 4, '2025-06-04 04:34:36', '2025-06-18'),
(231, 30, 1, 4.50, 27, '2025-06-04 04:34:36', '2025-06-18'),
(232, 30, 28, 1.00, 3, '2025-06-04 04:34:36', '2025-06-18');

-- --------------------------------------------------------

--
-- Table structure for table `preference_category_mapping`
--

CREATE TABLE `preference_category_mapping` (
  `preference_id` int(11) NOT NULL,
  `category_id` int(11) NOT NULL
) ENGINE=InnoDB DEFAULT CHARSET=utf8mb4 COLLATE=utf8mb4_general_ci;

--
-- Dumping data for table `preference_category_mapping`
--

INSERT INTO `preference_category_mapping` (`preference_id`, `category_id`) VALUES
(1, 7),
(1, 12),
(1, 17),
(2, 5),
(2, 7),
(2, 17),
(3, 8),
(3, 17),
(4, 9),
(4, 17),
(5, 10),
(5, 11),
(5, 13),
(6, 13),
(6, 14),
(6, 17),
(8, 1),
(8, 2),
(8, 3),
(8, 4),
(8, 8),
(8, 12),
(8, 17),
(8, 19),
(8, 20),
(8, 21),
(8, 22),
(8, 23),
(8, 25);

-- --------------------------------------------------------

--
-- Table structure for table `recipes`
--

CREATE TABLE `recipes` (
  `recipe_id` int(11) NOT NULL,
  `user_id` int(11) NOT NULL,
  `recipe_name` varchar(255) NOT NULL,
  `description` text NOT NULL,
  `prep_time` int(11) NOT NULL,
  `cook_time` int(11) NOT NULL,
  `image` varchar(255) DEFAULT NULL,
  `created_at` timestamp NOT NULL DEFAULT current_timestamp(),
  `steps` varchar(700) DEFAULT NULL,
  `serving_size` int(11) DEFAULT NULL,
  `public` tinyint(1) NOT NULL DEFAULT 0,
  `updated_at` timestamp NOT NULL DEFAULT current_timestamp() ON UPDATE current_timestamp()
) ENGINE=InnoDB DEFAULT CHARSET=utf8mb4 COLLATE=utf8mb4_general_ci;

--
-- Dumping data for table `recipes`
--

INSERT INTO `recipes` (`recipe_id`, `user_id`, `recipe_name`, `description`, `prep_time`, `cook_time`, `image`, `created_at`, `steps`, `serving_size`, `public`, `updated_at`) VALUES
(41, 17, 'QUINOA BUDDHA BOWL', 'A nourishing bowl packed with protein-rich quinoa, roasted vegetables, and tahini dressing', 20, 25, 'uploads/recipes/fullsizeoutput_6cd8-scaled.jpeg', '2025-01-21 00:35:54', '1. Cook quinoa according to package instructions\r\n2. Roast diced sweet potatoes and chickpeas at 400F for 25 minutes\r\n3. Massage kale with olive oil and salt\r\n4. Make dressing by combining tahini, lemon juice, and minced garlic\r\n5. Assemble bowls with quinoa base, roasted vegetables, kale, and slic', 4, 1, '2025-01-21 00:35:54'),
(42, 17, 'MUSHROOM SPINACH RISOTTO', 'Creamy Italian risotto with wild mushrooms and fresh spinach', 15, 35, 'uploads/recipes/Mushroom-Spinach-Risotto-2-scaled.jpg', '2025-01-21 00:45:59', '1. Saut mushrooms and set aside\r\n2. Cook onion and garlic in butter and oil\r\n3. Add rice and toast for 2 minutes\r\n4. Gradually add hot broth while stirring\r\n5. Add mushrooms and spinach at the end\r\n6. Finish with parmesan and butter', 6, 1, '2025-01-21 00:45:59'),
(43, 17, 'MEDITERRANEAN CHICKPEA SALAD', ' Fresh and light Mediterranean-style salad with protein-rich chickpeas', 15, 5, 'uploads/recipes/mediterranean-chickpeas-15.jpg', '2025-01-21 00:54:02', '1. Drain and rinse chickpeas\r\n2. Chop all vegetables into bite-sized pieces\r\n3. Combine all ingredients in a large bowl\r\n4. Mix dressing of olive oil, lemon juice, and oregano\r\n5. Toss everything together\r\n6. Chill for at least 30 minutes before serving', 6, 1, '2025-01-21 01:19:11'),
(44, 19, 'STIR-FRIED TOFU WITH VEGETABLES', 'A quick and protein-rich stir-fry with Asian flavors', 20, 15, 'uploads/recipes/tofu-stir-fry.c86d3627.jpg', '2025-01-21 01:24:34', '1. Press and cube tofu\r\n2. Cook rice separately\r\n3. Stir-fry tofu until golden\r\n4. Add vegetables and aromatics\r\n5. Season with soy sauce\r\n6. Serve over rice', 4, 1, '2025-01-21 01:24:34'),
(45, 19, 'LENTIL SALAD', 'A protein-packed cold salad perfect for meal prep', 15, 20, 'uploads/recipes/mediterranean-lentil-salad-23-scaled.jpeg', '2025-01-21 01:28:26', '1. Cook lentils until tender but firm\r\n2. Chop vegetables into small pieces\r\n3. Mix lemon juice, olive oil, and minced garlic\r\n4. Combine all ingredients\r\n5. Season to taste\r\n6. Chill before serving', 6, 1, '2025-01-21 01:28:26'),
(46, 19, 'SESAME SOBA WITH TEMPEH AND VEGETABLES', 'Japanese-inspired noodle dish with marinated tempeh and crunchy vegetables', 20, 15, 'uploads/recipes/cet3fnz.jpg', '2025-01-21 01:33:11', '1. Slice tempeh and marinate in soy sauce and ginger\r\n2. Pan-fry tempeh until golden brown\r\n3. Stir-fry vegetables with garlic\r\n4. Combine tempeh and vegetables\r\n5. Make sauce with remaining soy sauce and vinegar\r\n6. Toss everything together\r\n7. Garnish with sesame seeds', 4, 1, '2025-01-21 01:33:11'),
(47, 19, 'MEDITERRANEAN STUFFED EGGPLANT', 'Roasted eggplant halves filled with quinoa, vegetables, and herbs', 25, 40, 'uploads/recipes/Meaty-Mediterranean-Stuffed-Eggplant-3.jpg', '2025-01-21 01:37:07', '1. Halve eggplants lengthwise and score flesh\r\n2. Brush with olive oil and roast at 400F until tender\r\n3. Cook quinoa according to package instructions\r\n4. Saut onion, garlic, and diced tomatoes\r\n5. Mix with cooked quinoa and chickpeas\r\n6. Scoop out eggplant flesh, chop and add to quinoa mixture\r\n', 4, 1, '2025-01-21 01:37:07'),
(48, 20, 'CHEESY CAULIFLOWER BAKE', 'A creamy, cheesy cauliflower dish perfect for keto diet', 15, 25, 'uploads/recipes/__opt__aboutcom__coeus__resources__content_migration__simply_recipes__uploads__2020__11__Cheesy-Cauliflower-Bake-LEAD-5-80bf3eae38994418a34bfe24e8cfdf8b.jpg', '2025-01-21 01:59:32', '1. Cut cauliflower into florets\r\n2. Steam until just tender\r\n3. Make cheese sauce with butter, cream, and cheese\r\n4. Add minced garlic and seasonings\r\n5. Combine with cauliflower\r\n6. Bake until golden and bubbly', 6, 1, '2025-01-21 01:59:32'),
(49, 20, 'SALMON AVOCADO BOWL', 'A nutrient-rich keto bowl with fatty fish and healthy fats', 15, 15, 'uploads/recipes/Salmon-Avocado-Bowls-Updated-Square.jpeg', '2025-01-21 02:03:04', '1. Pan-sear salmon in butter\r\n2. Prepare bed of fresh spinach\r\n3. Slice avocado\r\n4. Assemble bowl with spinach base\r\n5. Top with salmon and avocado\r\n6. Dress with olive oil and lemon', 2, 1, '2025-01-21 02:03:04'),
(50, 20, 'MUSHROOM GARLIC BUTTER CHICKEN', 'Succulent chicken breast in a rich mushroom sauce', 10, 25, 'uploads/recipes/garlic-butter-chicken-4.jpg', '2025-01-21 02:06:01', '1. Season chicken breasts\r\n2. Pan-sear in olive oil until golden\r\n3. Remove chicken, add butter and mushrooms\r\n4. Add garlic and thyme\r\n5. Return chicken to pan\r\n6. Top with cheese and finish cooking', 4, 1, '2025-01-21 02:06:01'),
(51, 21, 'SIMPLE GARLIC PASTA', 'Quick and comforting pasta with garlic and olive oil', 5, 15, 'uploads/recipes/AR-269500-creamy-garlic-pasta-Beauties-2x1-bcd9cb83138849e4b17104a1cd51d063.jpg', '2025-01-21 02:14:34', '1. Cook pasta\r\n2. Saut minced garlic in olive oil\r\n3. Toss with pasta\r\n4. Season and garnish', 2, 1, '2025-01-21 02:14:34'),
(52, 21, 'BASIC FRIED RICE', 'Simple and satisfying fried rice', 10, 15, 'uploads/recipes/284317easy-japanese-fried-ricelutzflcat4x3-74dc9380f1de4e599c57194083c6fb9d.jpg', '2025-01-21 02:16:45', '1. Scramble eggs, set aside\r\n2. Saut onion and garlic\r\n3. Add rice, then eggs\r\n4. Season with soy sauce', 2, 1, '2025-01-21 02:16:45'),
(53, 21, 'QUICK TOMATO SOUP', 'Warming tomato soup in minutes', 5, 20, 'uploads/recipes/.9o.jpg', '2025-01-21 02:19:36', '1. Saut onion and garlic\r\n2. Add chopped tomatoes\r\n3. Simmer 15 minutes\r\n4. Blend and serve', 4, 1, '2025-01-21 02:19:36'),
(54, 21, 'HONEY CARROTS', 'Sweet and simple side dish', 5, 15, 'uploads/recipes/214079-honey-roasted-carrots-DDMFS-4x3-6d416ea8a9cf48cfadc9209037a72fb4.jpg', '2025-01-21 02:21:37', '1. Slice carrots\r\n2. Steam until tender\r\n3. Toss with honey and butter\r\n4. Season lightly', 4, 1, '2025-01-21 02:21:37'),
(55, 21, 'CUCUMBER AVOCADO SALAD', 'Cucumber Avocado Salad', 10, 5, 'uploads/recipes/merlin_189372006_a9ab5728-f86c-4727-aedf-3f1f6f4633b8-mediumSquareAt3X.jpg', '2025-01-21 02:23:54', '1. Slice cucumber and avocado\r\n2. Drizzle with lemon and olive oil\r\n3. Season with salt\r\n4. Serve immediately', 2, 1, '2025-01-21 02:23:54'),
(57, 17, 'GARLICKY SPINACH CHICKPEA BOWL', 'A quick, nutritious bowl that takes minutes to prepare with just a few ingredients\r\n', 5, 10, 'uploads/recipes/garlic-butter-chicken-4.jpg', '2025-01-22 02:17:05', '1. Drain and rinse chickpeas\r\n2. Heat olive oil in pan\r\n3. Saut minced garlic for 30 seconds\r\n4. Add chickpeas, cook until warm\r\n5. Add spinach, cook until just wilted\r\n6. Season with salt', 2, 1, '2025-04-09 07:29:39'),
(62, 25, 'Cauliflower Pizza Crust', 'Cauliflower has invaded kitchens everywhere, and has gone way beyond just roasted. It has taken the form of mashed potatoes, toasty bread and even the center of our Thanksgiving table. That being said, my favorite use of cauliflower as a culinary master of disguise is in pizza crust. It might sound crazy, but it can be a delicious and healthy alternative to the classic. Try this easy, gluten-free pizza recipe once, and youll see why were cauliflower obsessed. ', 15, 45, 'uploads/recipes/cauliflower-crust-pizza-lead-6778185f4ab16.jpg', '2025-03-24 21:29:37', '1. Preheat oven to 425. Boil cauliflower for 34 minutes, then drain and squeeze out excess water.  \r\n2. Pulse cauliflower in a food processor and drain.  \r\n3. Mix with egg, mozzarella, Parmesan, and salt.  \r\n4. Shape dough into a crust on a baking sheet and bake for 20 minutes.  \r\n5. Top with marinara, cheese, garlic, and tomatoes, then bake for 10 minutes.  \r\n6. Garnish with basil and balsamic glaze.', 4, 0, '2025-05-27 09:51:38'),
(64, 27, 'Burnt Cheesecake', 'This is a famous and simple dessert.', 15, 60, 'uploads/recipes/WhatsApp Image 2025-04-15 at 4.13.42 PM.jpeg', '2025-04-15 08:14:39', '1) Pukul cream cheese menggunakan paddle attachement  dan masukkan gula hingga creamy.\r\n2) Masukkan vanilla essence.\r\n3) Masukkan telur satu persatu dan secubit garam\r\n4) Kemudian masukkan whipping cream dan tepung.\r\n5) Masukkan adunan ke dalam loyang.\r\n6) Bakar pada suhu 180C selama 50 minit hingga 1 jam sehingga masak.', 6, 1, '2025-04-15 08:14:39');

-- --------------------------------------------------------

--
-- Table structure for table `recipe_categories`
--

CREATE TABLE `recipe_categories` (
  `category_id` int(11) NOT NULL,
  `category_name` varchar(255) NOT NULL
) ENGINE=InnoDB DEFAULT CHARSET=utf8mb4 COLLATE=utf8mb4_general_ci;

--
-- Dumping data for table `recipe_categories`
--

INSERT INTO `recipe_categories` (`category_id`, `category_name`) VALUES
(1, 'Breakfast'),
(2, 'Dinner'),
(3, 'Lunch'),
(4, 'Snack'),
(5, 'Vegan'),
(6, 'Nut-Free'),
(7, 'Dairy-Free'),
(8, 'Pescatarian'),
(9, 'Gluten-Free'),
(10, 'Low-Carb'),
(11, 'Keto'),
(12, 'Vegetarian'),
(13, 'High-Protein'),
(14, 'Paleo'),
(15, 'Quick Meals'),
(16, 'Dessert'),
(17, 'Healthy'),
(18, 'Comfort Food'),
(19, 'Beverages'),
(20, 'Soups and Stews'),
(21, 'Appetizers'),
(22, 'Salads'),
(23, 'Side Dishes'),
(24, 'International Cuisine'),
(25, 'Brunch');

-- --------------------------------------------------------

--
-- Table structure for table `recipe_category_mapping`
--

CREATE TABLE `recipe_category_mapping` (
  `recipe_id` int(11) NOT NULL,
  `category_id` int(11) NOT NULL
) ENGINE=InnoDB DEFAULT CHARSET=utf8mb4 COLLATE=utf8mb4_general_ci;

--
-- Dumping data for table `recipe_category_mapping`
--

INSERT INTO `recipe_category_mapping` (`recipe_id`, `category_id`) VALUES
(41, 2),
(41, 3),
(41, 12),
(42, 2),
(42, 12),
(43, 3),
(43, 12),
(44, 2),
(44, 7),
(44, 12),
(45, 3),
(45, 7),
(45, 12),
(46, 2),
(46, 3),
(46, 7),
(46, 12),
(47, 2),
(47, 7),
(47, 12),
(48, 2),
(48, 3),
(48, 11),
(49, 2),
(49, 3),
(49, 11),
(50, 2),
(50, 11),
(51, 2),
(51, 3),
(52, 2),
(52, 3),
(53, 2),
(54, 2),
(55, 1),
(55, 3),
(57, 12),
(62, 2),
(62, 3),
(62, 11),
(64, 16);

-- --------------------------------------------------------

--
-- Table structure for table `recipe_comments`
--

CREATE TABLE `recipe_comments` (
  `comment_id` int(11) NOT NULL,
  `recipe_id` int(11) NOT NULL,
  `user_id` int(11) NOT NULL,
  `comment` text NOT NULL,
  `created_at` timestamp NOT NULL DEFAULT current_timestamp()
) ENGINE=InnoDB DEFAULT CHARSET=utf8mb4 COLLATE=utf8mb4_general_ci;

--
-- Dumping data for table `recipe_comments`
--

INSERT INTO `recipe_comments` (`comment_id`, `recipe_id`, `user_id`, `comment`, `created_at`) VALUES
(2, 55, 1, 'healthy snacks', '2025-05-10 15:11:01'),
(3, 47, 1, 'Good!', '2025-05-10 15:36:06'),
(4, 55, 26, 'Goood snaks!', '2025-05-10 17:53:40'),
(5, 45, 26, 'good', '2025-05-13 19:33:58'),
(6, 45, 26, 'good', '2025-05-13 19:48:55'),
(7, 45, 26, 'good', '2025-05-13 19:49:00'),
(8, 45, 26, 'good', '2025-05-13 19:49:47'),
(9, 44, 17, 'good', '2025-05-15 15:25:43'),
(10, 44, 17, 'good', '2025-05-15 15:29:17'),
(11, 57, 17, 'Super Good. resepi turun temurun.', '2025-05-23 12:49:42'),
(12, 64, 25, 'good', '2025-05-27 09:53:22'),
(13, 55, 34, 'good', '2025-05-31 13:09:57'),
(14, 55, 17, 'good', '2025-05-31 13:20:17');

-- --------------------------------------------------------

--
-- Table structure for table `recipe_ingredients`
--

CREATE TABLE `recipe_ingredients` (
  `id` int(11) NOT NULL,
  `recipe_id` int(11) NOT NULL,
  `ingredient_id` int(11) NOT NULL,
  `quantity` decimal(10,2) NOT NULL,
  `measurement_id` int(11) NOT NULL
) ENGINE=InnoDB DEFAULT CHARSET=utf8mb4 COLLATE=utf8mb4_general_ci;

--
-- Dumping data for table `recipe_ingredients`
--

INSERT INTO `recipe_ingredients` (`id`, `recipe_id`, `ingredient_id`, `quantity`, `measurement_id`) VALUES
(41, 41, 62, 2.00, 20),
(42, 41, 74, 2.00, 1),
(43, 41, 12, 3.00, 3),
(44, 41, 3, 2.00, 19),
(45, 41, 69, 150.00, 4),
(46, 42, 78, 2.00, 1),
(47, 42, 17, 2.00, 1),
(48, 42, 14, 6.00, 1),
(49, 42, 2, 8.00, 5),
(50, 42, 3, 4.00, 19),
(51, 42, 11, 4.00, 3),
(52, 42, 12, 2.00, 3),
(53, 43, 62, 2.00, 20),
(54, 43, 1, 2.00, 1),
(55, 43, 15, 300.00, 4),
(56, 43, 22, 1.00, 22),
(57, 43, 12, 0.30, 1),
(58, 43, 50, 0.40, 1),
(59, 44, 70, 400.00, 4),
(60, 44, 44, 44.00, 4),
(61, 44, 3, 4.00, 19),
(62, 44, 25, 1.00, 3),
(63, 44, 34, 3.00, 3),
(64, 44, 18, 2.00, 1),
(65, 44, 12, 2.00, 3),
(66, 45, 61, 2.00, 1),
(67, 45, 1, 2.00, 27),
(68, 45, 15, 1.00, 27),
(69, 45, 2, 2.00, 27),
(70, 45, 22, 1.00, 26),
(71, 45, 12, 0.00, 1),
(72, 45, 50, 2.00, 27),
(73, 45, 3, 2.00, 19),
(74, 46, 71, 400.00, 4),
(75, 46, 59, 2.00, 1),
(76, 46, 16, 1.00, 27),
(77, 46, 3, 4.00, 19),
(78, 46, 25, 2.00, 3),
(79, 46, 34, 0.00, 1),
(80, 46, 33, 2.00, 3),
(81, 46, 12, 3.00, 3),
(82, 47, 58, 2.00, 27),
(83, 47, 74, 1.00, 1),
(84, 47, 1, 2.00, 27),
(85, 47, 2, 1.00, 27),
(86, 47, 3, 3.00, 19),
(87, 47, 62, 1.00, 20),
(88, 47, 22, 22.00, 4),
(89, 47, 12, 4.00, 3),
(90, 47, 50, 1.00, 27),
(91, 47, 23, 1.00, 3),
(92, 48, 45, 2.00, 27),
(93, 48, 9, 2.00, 1),
(94, 48, 11, 4.00, 3),
(95, 48, 3, 4.00, 19),
(96, 48, 23, 1.00, 3),
(97, 49, 41, 2.00, 27),
(98, 49, 69, 1.00, 27),
(99, 49, 14, 2.00, 1),
(100, 49, 12, 2.00, 3),
(101, 49, 50, 1.00, 27),
(102, 49, 11, 2.00, 3),
(103, 49, 22, 1.00, 26),
(104, 50, 6, 4.00, 18),
(105, 50, 17, 2.00, 1),
(106, 50, 11, 6.00, 3),
(107, 50, 3, 6.00, 19),
(108, 50, 9, 0.00, 1),
(109, 50, 12, 2.00, 3),
(110, 51, 19, 2.00, 1),
(111, 51, 3, 4.00, 19),
(112, 51, 12, 3.00, 3),
(113, 51, 22, 22.00, 4),
(114, 52, 18, 2.00, 1),
(115, 52, 8, 2.00, 27),
(116, 52, 2, 1.00, 27),
(117, 52, 34, 2.00, 3),
(118, 52, 3, 2.00, 19),
(119, 53, 1, 6.00, 27),
(120, 53, 2, 1.00, 27),
(121, 53, 3, 2.00, 19),
(122, 53, 12, 2.00, 3),
(123, 54, 4, 6.00, 27),
(124, 54, 32, 2.00, 3),
(125, 54, 11, 2.00, 3),
(126, 54, 20, 1.00, 10),
(127, 55, 15, 1.00, 27),
(128, 55, 69, 1.00, 27),
(129, 55, 50, 1.00, 27),
(130, 55, 12, 1.00, 3),
(133, 57, 3, 4.00, 19),
(134, 57, 14, 20.00, 4),
(140, 62, 45, 1.00, 27),
(141, 62, 8, 1.00, 27),
(142, 62, 9, 2.00, 1),
(143, 62, 1, 4.00, 27),
(144, 62, 3, 2.00, 19),
(145, 62, 21, 1.00, 11),
(147, 64, 9, 1.00, 8),
(148, 64, 8, 7.00, 18),
(149, 64, 30, 320.00, 4),
(150, 64, 28, 1.00, 3),
(151, 64, 29, 36.00, 4),
(152, 64, 20, 1.00, 2);

-- --------------------------------------------------------

--
-- Table structure for table `shopping_lists`
--

CREATE TABLE `shopping_lists` (
  `shopping_list_id` int(11) NOT NULL,
  `user_id` int(11) NOT NULL,
  `name` varchar(255) NOT NULL,
  `created_at` timestamp NOT NULL DEFAULT current_timestamp()
) ENGINE=InnoDB DEFAULT CHARSET=utf8mb4 COLLATE=utf8mb4_general_ci;

--
-- Dumping data for table `shopping_lists`
--

INSERT INTO `shopping_lists` (`shopping_list_id`, `user_id`, `name`, `created_at`) VALUES
(9, 1, 'bolognese spaghetti', '2025-03-19 19:26:59'),
(10, 1, 'Shopping List for Mar 19 - Mar 25', '2025-03-19 19:29:37'),
(11, 17, 'Shopping list 1', '2025-03-20 08:30:55'),
(15, 1, 'Shopping List for Mar 20 - Mar 26', '2025-03-20 13:27:38'),
(16, 25, 'Shopping List for Mar 24 - Mar 30', '2025-03-24 21:35:17'),
(19, 17, 'Shopping List for Apr 21 - Apr 27', '2025-04-21 06:26:06'),
(20, 26, 'Shopping List for May 01 - May 07', '2025-05-01 15:22:15'),
(21, 1, 'Shopping List for May 01 - May 07', '2025-05-01 16:04:24'),
(22, 26, 'Shopping List for May 01 - May 07', '2025-05-01 16:59:26'),
(23, 1, 'Shopping List for May 07 - May 13', '2025-05-07 03:22:57'),
(24, 1, 'Shopping List for May 07 - May 13', '2025-05-07 03:23:31'),
(25, 1, 'Shopping List for May 07 - May 13', '2025-05-07 03:24:11'),
(26, 17, 'Shopping List for May 23 - May 29', '2025-05-23 15:07:35'),
(27, 25, 'Shopping List for May 29 - Jun 04', '2025-05-29 04:24:11'),
(28, 25, 'Shopping List for May 29 - Jun 04', '2025-05-29 07:04:44'),
(29, 26, 'Shopping List for May 29 - Jun 04', '2025-05-29 13:51:16'),
(30, 30, 'Shopping List for May 30 - Jun 05', '2025-05-30 21:14:22'),
(31, 25, 'Shopping List for May 30 - Jun 21', '2025-05-30 21:35:24'),
(32, 34, 'Shopping List for May 31 - Jun 15', '2025-05-31 13:11:26'),
(33, 17, 'Shopping List for May 31 - Jun 06', '2025-05-31 13:22:43'),
(34, 25, 'Shopping List for Jun 01 - Jun 07', '2025-06-01 12:44:29'),
(35, 25, 'Shopping List for Jun 01 - Jun 07', '2025-06-01 12:56:39'),
(38, 36, 'dino comot koci cicik botak hepi', '2025-06-03 12:30:03'),
(39, 36, 'Shopping List for Jun 03 - Jun 09', '2025-06-03 12:31:51'),
(40, 30, 'Shopping List for Jun 04 - Jun 10', '2025-06-04 04:34:09');

-- --------------------------------------------------------

--
-- Table structure for table `shopping_list_items`
--

CREATE TABLE `shopping_list_items` (
  `id` int(11) NOT NULL,
  `shopping_list_id` int(11) NOT NULL,
  `ingredient_id` int(11) NOT NULL,
  `quantity` decimal(10,2) NOT NULL,
  `measurement_id` int(11) NOT NULL,
  `purchased` tinyint(1) NOT NULL DEFAULT 0
) ENGINE=InnoDB DEFAULT CHARSET=utf8mb4 COLLATE=utf8mb4_general_ci;

--
-- Dumping data for table `shopping_list_items`
--

INSERT INTO `shopping_list_items` (`id`, `shopping_list_id`, `ingredient_id`, `quantity`, `measurement_id`, `purchased`) VALUES
(57, 9, 1, 2.00, 27, 0),
(58, 10, 9, 1.00, 1, 0),
(59, 11, 11, 1.00, 3, 1),
(60, 11, 4, 3.00, 27, 1),
(61, 11, 62, 1.33, 20, 1),
(62, 11, 15, 0.67, 27, 1),
(63, 11, 15, 200.00, 4, 1),
(64, 11, 3, 1.33, 19, 1),
(65, 11, 32, 1.00, 3, 1),
(66, 11, 50, 1.33, 27, 1),
(67, 11, 50, 0.27, 1, 1),
(68, 11, 61, 1.33, 1, 1),
(69, 11, 12, 0.20, 1, 1),
(70, 11, 2, 1.33, 27, 1),
(71, 11, 22, 0.67, 22, 1),
(72, 11, 22, 0.67, 26, 1),
(73, 11, 20, 0.50, 10, 1),
(74, 11, 1, 1.33, 27, 1),
(75, 11, 1, 1.33, 1, 1),
(116, 15, 11, 15.00, 3, 1),
(117, 15, 9, 0.00, 1, 1),
(118, 15, 6, 10.00, 18, 1),
(119, 15, 3, 15.00, 19, 1),
(120, 16, 21, 2.00, 11, 1),
(121, 16, 45, 2.00, 27, 1),
(122, 16, 9, 4.00, 1, 1),
(123, 16, 8, 2.00, 27, 1),
(124, 16, 3, 4.00, 19, 1),
(125, 16, 1, 8.00, 27, 1),
(146, 19, 44, 44.00, 4, 1),
(147, 19, 9, 0.67, 8, 1),
(148, 19, 8, 4.67, 18, 1),
(149, 19, 29, 24.00, 4, 0),
(150, 19, 3, 12.00, 19, 0),
(151, 19, 25, 1.00, 3, 0),
(152, 19, 12, 2.00, 3, 0),
(153, 19, 18, 2.00, 1, 0),
(154, 19, 20, 0.67, 2, 0),
(155, 19, 34, 3.00, 3, 0),
(156, 19, 14, 40.00, 4, 0),
(157, 19, 30, 213.33, 4, 0),
(158, 19, 70, 400.00, 4, 0),
(159, 19, 28, 0.67, 3, 0),
(160, 20, 16, 1.00, 27, 1),
(161, 20, 59, 2.00, 1, 1),
(162, 20, 3, 4.00, 19, 1),
(163, 20, 25, 2.00, 3, 1),
(164, 20, 12, 3.00, 3, 1),
(165, 20, 34, 0.00, 1, 1),
(166, 20, 71, 400.00, 4, 1),
(167, 20, 33, 2.00, 3, 1),
(168, 21, 11, 0.50, 3, 1),
(169, 21, 4, 1.50, 27, 1),
(170, 21, 32, 0.50, 3, 1),
(171, 21, 20, 0.25, 10, 1),
(172, 22, 16, 1.00, 27, 0),
(173, 22, 11, 0.50, 3, 0),
(174, 22, 59, 2.00, 1, 0),
(175, 22, 4, 1.50, 27, 0),
(176, 22, 3, 4.00, 19, 0),
(177, 22, 25, 2.00, 3, 0),
(178, 22, 32, 0.50, 3, 0),
(179, 22, 12, 3.00, 3, 0),
(180, 22, 20, 0.25, 10, 0),
(181, 22, 34, 0.00, 1, 0),
(182, 22, 71, 400.00, 4, 0),
(183, 22, 33, 2.00, 3, 0),
(184, 23, 11, 1.50, 3, 1),
(185, 23, 4, 4.50, 27, 1),
(186, 23, 32, 1.50, 3, 1),
(187, 23, 20, 0.75, 10, 1),
(188, 25, 11, 7.50, 3, 1),
(189, 25, 9, 0.00, 1, 1),
(190, 25, 6, 5.00, 18, 1),
(191, 25, 3, 7.50, 19, 1),
(192, 25, 17, 2.50, 1, 1),
(193, 25, 12, 2.50, 3, 1),
(194, 26, 62, 2.50, 20, 1),
(195, 26, 58, 5.00, 27, 1),
(196, 26, 3, 12.50, 19, 1),
(197, 26, 50, 2.50, 27, 1),
(198, 26, 12, 15.00, 3, 1),
(199, 26, 2, 5.00, 27, 1),
(200, 26, 22, 55.00, 4, 1),
(201, 26, 74, 2.50, 1, 1),
(202, 26, 23, 2.50, 3, 1),
(203, 26, 1, 20.00, 27, 1),
(204, 27, 62, 3.33, 20, 1),
(205, 27, 15, 500.00, 4, 1),
(206, 27, 50, 0.67, 1, 1),
(207, 27, 12, 0.50, 1, 1),
(208, 27, 22, 1.67, 22, 1),
(209, 27, 1, 3.33, 1, 1),
(210, 28, 62, 0.00, 20, 1),
(211, 28, 1, 0.00, 1, 1),
(212, 29, 8, 1.00, 27, 1),
(213, 29, 3, 1.00, 19, 1),
(214, 29, 2, 0.50, 27, 1),
(215, 29, 18, 1.00, 1, 1),
(216, 29, 34, 1.00, 3, 1),
(217, 30, 62, 1.00, 20, 1),
(218, 30, 15, 150.00, 4, 1),
(219, 30, 3, 2.00, 19, 1),
(220, 30, 50, 0.20, 1, 1),
(221, 30, 12, 0.15, 1, 1),
(222, 30, 12, 2.00, 3, 1),
(223, 30, 2, 1.00, 27, 1),
(224, 30, 22, 0.50, 22, 1),
(225, 30, 1, 6.00, 27, 1),
(226, 30, 1, 1.00, 1, 1),
(227, 31, 69, 1.00, 27, 1),
(228, 31, 62, 0.00, 20, 1),
(229, 31, 15, 1.00, 27, 1),
(230, 31, 50, 1.00, 27, 1),
(231, 31, 12, 1.00, 3, 1),
(232, 31, 1, 0.00, 1, 1),
(233, 32, 69, 1.50, 27, 1),
(234, 32, 62, 1.00, 20, 1),
(235, 32, 15, 1.50, 27, 1),
(236, 32, 15, 150.00, 4, 1),
(237, 32, 50, 0.20, 1, 1),
(238, 32, 50, 1.50, 27, 1),
(239, 32, 12, 1.50, 3, 1),
(240, 32, 12, 0.15, 1, 1),
(241, 32, 22, 0.50, 22, 1),
(242, 32, 1, 1.00, 1, 1),
(243, 33, 69, 1.50, 27, 1),
(244, 33, 9, 1.00, 8, 1),
(245, 33, 15, 1.50, 27, 1),
(246, 33, 8, 7.00, 18, 1),
(247, 33, 29, 36.00, 4, 1),
(248, 33, 50, 1.50, 27, 1),
(249, 33, 12, 1.50, 3, 1),
(250, 33, 20, 1.00, 2, 1),
(251, 33, 30, 320.00, 4, 1),
(252, 33, 28, 1.00, 3, 1),
(253, 34, 3, 0.50, 19, 1),
(254, 34, 2, 0.25, 27, 1),
(255, 34, 1, 1.50, 27, 1),
(256, 35, 3, 0.50, 19, 1),
(257, 35, 12, 0.50, 3, 1),
(258, 35, 2, 0.25, 27, 1),
(259, 35, 1, 1.50, 27, 1),
(268, 39, 69, 50.00, 27, 1),
(269, 39, 16, 25.00, 27, 1),
(270, 39, 11, 250.00, 3, 1),
(271, 39, 59, 50.00, 1, 0),
(272, 39, 9, 0.00, 1, 0),
(273, 39, 6, 100.00, 18, 0),
(274, 39, 62, 33.33, 20, 0),
(275, 39, 15, 5000.00, 4, 0),
(276, 39, 3, 250.00, 19, 0),
(277, 39, 25, 50.00, 3, 1),
(278, 39, 50, 6.67, 1, 0),
(279, 39, 50, 50.00, 27, 0),
(280, 39, 17, 50.00, 1, 0),
(281, 39, 12, 225.00, 3, 0),
(282, 39, 12, 5.00, 1, 0),
(283, 39, 22, 16.67, 22, 0),
(284, 39, 22, 50.00, 26, 0),
(285, 39, 41, 100.00, 27, 0),
(286, 39, 34, 0.00, 1, 0),
(287, 39, 14, 100.00, 1, 0),
(288, 39, 71, 10000.00, 4, 0),
(289, 39, 1, 33.33, 1, 0),
(290, 39, 33, 50.00, 3, 0),
(291, 40, 9, 1.00, 8, 1),
(292, 40, 8, 7.00, 18, 1),
(293, 40, 29, 36.00, 4, 1),
(294, 40, 3, 1.50, 19, 1),
(295, 40, 12, 1.50, 3, 1),
(296, 40, 2, 0.75, 27, 1),
(297, 40, 20, 1.00, 2, 1),
(298, 40, 30, 320.00, 4, 1),
(299, 40, 1, 4.50, 27, 1),
(300, 40, 28, 1.00, 3, 1);

-- --------------------------------------------------------

--
-- Table structure for table `users`
--

CREATE TABLE `users` (
  `user_id` int(11) NOT NULL,
  `username` varchar(50) NOT NULL,
  `email` varchar(100) NOT NULL,
  `password` varchar(255) NOT NULL,
  `created_at` timestamp NOT NULL DEFAULT current_timestamp(),
  `updated_at` timestamp NOT NULL DEFAULT current_timestamp() ON UPDATE current_timestamp(),
  `last_login` datetime DEFAULT NULL,
  `status` enum('active','inactive') DEFAULT 'active'
) ENGINE=InnoDB DEFAULT CHARSET=utf8mb4 COLLATE=utf8mb4_general_ci;

--
-- Dumping data for table `users`
--

INSERT INTO `users` (`user_id`, `username`, `email`, `password`, `created_at`, `updated_at`, `last_login`, `status`) VALUES
(1, 'Juliana0311', 'julianakaryadi4@gmail.com', '$2y$10$B46tDxGMIlEN042qNmqJnuq5Fe88m33XeiZzuMJaJKerA/AchxkqO', '2024-12-08 03:12:16', '2025-06-03 12:42:03', '2025-06-01 22:51:21', 'inactive'),
(2, 'fira', 'att792993@hotmail.com', '$2y$10$ExJfNh5RjoKLzzTPyoEhAuJft6CFwYHk0Y1VHxbR6YCDTCjOZwX3O', '2024-12-09 04:59:56', '2025-05-08 19:37:29', NULL, 'inactive'),
(4, 'JulianaKaryadi', 'julianakaryadi@gmail.com', '$2y$10$DIpESOkxpbMycaEFEbG3p.KSXw0ML.iTpvTB4A60EJxFT.nVMEIyS', '2024-12-17 04:47:54', '2025-05-08 19:37:29', NULL, 'inactive'),
(5, 'mama', 'bioplusarewlop@mail.com', '$2y$10$qcdP7iLsWZZUUz6M2dqsuOv/VBR42NYCrnNiL5qDVJcP.WIjkG9X6', '2024-12-17 05:53:00', '2025-05-08 19:37:29', NULL, 'inactive'),
(6, 'Mika', 'leapfpartzabemen@mail.com', '$2y$10$TFU.4/6GGMfXnLWnTBzLWubGw5nzsUpOh6hXxYb3/0quuTR3OauCG', '2024-12-17 20:22:14', '2025-05-08 19:37:29', NULL, 'inactive'),
(7, 'Anis', 'gwv981824@hotmail.com', '$2y$10$y2irhExiOUtsnHk.fiwM1eSPnG8BJgFR7uKrHXvhkKP3mjQzqLbg6', '2024-12-17 20:26:41', '2025-05-08 19:37:29', NULL, 'inactive'),
(8, 'claire', '123Claire@gmail.com', '$2y$10$ZK9q3..LZFWvVXRw781nJu2vcUhp3hL9MdL2ED6YckFT4xs6FZ3sa', '2024-12-17 23:17:24', '2025-05-08 19:37:29', NULL, 'inactive'),
(13, 'jujube', 'julianakaryadi7@gmail.com', '$2y$10$ObN5hBHDSC7dL2.GRMMwQO9/kWVonTUS/vEQvO7ocPFo3SP95R7Rq', '2024-12-20 03:02:03', '2025-05-08 19:37:29', NULL, 'inactive'),
(14, 'Ana.my', 'julianakaryadi10@gmail.com', '$2y$10$JzD.sbPHIf9P.3ljqguzPuucUciFXVgZFmT59Tb.umA/weop7K0LK', '2024-12-22 13:05:09', '2025-05-08 19:37:29', NULL, 'inactive'),
(15, 'Mallika', 'malika09@gmail.com', '$2y$10$4Gwmcg6r/qc7xVMy6dIpDu5vTH2N/WiHMfqUaKRYY.1dTNRwfvSa.', '2024-12-27 09:43:37', '2025-05-08 19:37:29', NULL, 'inactive'),
(16, 'uau', 'zytech024@gmail.com', '$2y$10$AWFvZkCZ29UAS1YUUWthUeydyARV./2hXZyk/zPO5X6HULNiRWfJC', '2024-12-31 11:18:22', '2025-05-08 19:37:29', NULL, 'inactive'),
(17, 'aliya', 'aliyahelo@gmail.com', '$2y$10$OqGp3L63eR9iaOhGCFANq.7XDRb/lrmkPOrwdOpCCKZwhiuDGkd1i', '2025-01-01 12:47:43', '2025-06-08 08:34:01', '2025-06-08 16:34:01', 'active'),
(18, 'Juli', 'julia10@gmail.com', '$2y$10$fR879fwCPqsBFkKugdW2kuiQeyxOwiGZsMAHG3JbAF68CvvHMAkz6', '2025-01-10 03:36:20', '2025-05-08 19:37:29', NULL, 'inactive'),
(19, 'Rohaya_89', 'rohayya89@gmail.com', '$2y$10$3IufZGhG.xcIR5iUHXMvt.LTQI5TyJTHJtZjbDqt4Tl85UuC1/5ka', '2025-01-21 00:57:57', '2025-05-08 19:37:29', NULL, 'inactive'),
(20, 'Atiqah', 'atiqah23@gmail.com', '$2y$10$/2DKiDy6D9jv2hMDHyzvvueEasZlu0EQ5Srd6NWuXEOQrRmI4Cvku', '2025-01-21 01:56:48', '2025-05-08 19:37:29', NULL, 'inactive'),
(21, 'Maya', 'maya45@gmail.com', '$2y$10$QiZMQmhwIAP1RvIkzmhQ/OJ4JQBUbcHf.gTNso7YbS.ETKzlKnCZy', '2025-01-21 02:10:54', '2025-05-08 19:37:29', NULL, 'inactive'),
(22, 'Julia', 'julian@gmail.com', '$2y$10$qkpQjYGy8USZW5bSLn9qgOdpTO5sx7.fwh.SelgT.c2PZ6FZu8blC', '2025-01-21 07:49:10', '2025-05-08 19:37:29', NULL, 'inactive'),
(23, 'Shila98', 'shila98@gmail.com', '$2y$10$HS.a6QlyXlNPSdx9t2VeV.a7XNu5X38RTxPRUN24y9yQMw3tGMZSi', '2025-01-22 02:14:00', '2025-05-08 19:37:29', NULL, 'inactive'),
(24, 'yuna', 'yyuna@gmail.com', '$2y$10$754LtXS6FtSkarijD9w4X.mXrfC2BYib63mAAD8HxksvVW0MUeuJS', '2025-03-21 04:41:48', '2025-05-08 19:37:29', NULL, 'inactive'),
(25, 'anis29', 'as.29102024@gmail.com', '$2y$10$TtQ5841VXpjROgqR1zsnCO9cVCw33Wvu73EzKFXIbXtEzHbVMuT3q', '2025-03-24 21:21:00', '2025-06-08 08:38:06', '2025-06-08 16:38:06', 'active'),
(26, 'hepi', 'hepi0736@gmail.com', '$2y$10$jZhIJOlF9YWfhx3JB3vAUeAu7hb1AB2fEN9tYlisR2/gfaidDg1W.', '2025-03-28 12:47:47', '2025-06-04 02:27:36', '2025-06-02 15:35:53', 'inactive'),
(27, 'aleez_azman', 'alis200058@gmail.com', '$2y$10$/aP6t98p7Gk2Ru3B67T60e50YmNm4bNw8CpN2dsPB4BynQXzJ0OyW', '2025-04-15 08:02:26', '2025-05-08 19:37:29', NULL, 'inactive'),
(28, 'irfan', 'irfanuniklmiit@gmail.com', '$2y$10$PNxzpGZ6s0faLZKPe9erIea1Dr0fyIILTIFoDLujYI1QrbDsBDvUe', '2025-05-15 15:31:34', '2025-05-15 15:31:49', NULL, 'inactive'),
(30, 'User_01', 'user2@gmail.com', '$2y$10$ZXMxxuGuoOmVEpQOAsQXpuRx/toLNssv3gMImvX8BR5asXmkbpg.e', '2025-05-30 21:11:59', '2025-06-08 08:20:09', '2025-06-04 11:54:34', 'inactive'),
(31, 'user_3', 'user3@gmail.com', '$2y$10$zLmfEqy1CzTOJEQEE7c7qO8T7dpSz2ZRIsf0NP4fMicBvzzt5Xo42', '2025-05-31 12:46:49', '2025-06-01 19:53:33', '2025-05-31 20:49:02', 'inactive'),
(32, 'user4', 'user4@gmail.com', '$2y$10$GPmnQrFclG43qMugb5P.QuZC0ymtapY0Uxwkzo8hDiF.kv9BVxNS2', '2025-05-31 12:51:58', '2025-06-01 19:53:33', '2025-05-31 20:52:14', 'inactive'),
(33, 'user5', 'user5@gmail.com', '$2y$10$Frbxtq7IjDnJrvyik0axxOrBiHihBMxnV20LclKUK9u21g/F0kc6q', '2025-05-31 12:57:42', '2025-06-01 19:53:33', '2025-05-31 21:15:06', 'inactive'),
(34, 'user1', 'user@gmail.com', '$2y$10$m/yEdL5ktDOBvvH7En/KjemxKmSQCGKIXtCtKUi0Tj1019pZaZfb.', '2025-05-31 13:06:49', '2025-06-01 19:53:33', '2025-05-31 21:07:03', 'inactive'),
(35, 'Dino', 'chikennuggets09@gmail.com', '$2y$10$BT.LkWdP7vzBEBJNkJOi4.q/2/s6BTMw0CMSD9O4JaJCqjOHeDZ0i', '2025-06-02 09:15:06', '2025-06-04 02:27:36', '2025-06-02 17:18:39', 'inactive'),
(36, 'ahmad', 'ahmad123@gmail.com', '$2y$10$KkLI/KF9.X3XrXC1A6fj0uKj5b1OrQdj1Suf/RTMRVRepSf/pjNSa', '2025-06-03 12:13:52', '2025-06-08 08:20:09', '2025-06-03 20:14:17', 'inactive');

-- --------------------------------------------------------

--
-- Table structure for table `user_allergies`
--

CREATE TABLE `user_allergies` (
  `user_id` int(11) NOT NULL,
  `allergy_id` int(11) NOT NULL
) ENGINE=InnoDB DEFAULT CHARSET=utf8mb4 COLLATE=utf8mb4_general_ci;

--
-- Dumping data for table `user_allergies`
--

INSERT INTO `user_allergies` (`user_id`, `allergy_id`) VALUES
(1, 9),
(2, 4),
(4, 1),
(4, 4),
(4, 8),
(5, 1),
(5, 3),
(5, 4),
(6, 3),
(6, 4),
(7, 7),
(8, 3),
(8, 4),
(8, 8),
(13, 9),
(14, 9),
(15, 9),
(16, 9),
(17, 9),
(18, 9),
(19, 3),
(20, 9),
(21, 9),
(22, 9),
(23, 9),
(24, 9),
(25, 3),
(26, 3),
(27, 9),
(28, 9),
(30, 9),
(31, 3),
(32, 3),
(33, 3),
(34, 3),
(35, 9),
(36, 8);

-- --------------------------------------------------------

--
-- Table structure for table `user_dietary_preferences`
--

CREATE TABLE `user_dietary_preferences` (
  `user_id` int(11) NOT NULL,
  `preference_id` int(11) NOT NULL
) ENGINE=InnoDB DEFAULT CHARSET=utf8mb4 COLLATE=utf8mb4_general_ci;

--
-- Dumping data for table `user_dietary_preferences`
--

INSERT INTO `user_dietary_preferences` (`user_id`, `preference_id`) VALUES
(1, 7),
(2, 2),
(4, 7),
(5, 2),
(6, 1),
(7, 4),
(8, 3),
(13, 7),
(14, 7),
(15, 2),
(16, 7),
(17, 1),
(18, 7),
(19, 1),
(20, 5),
(21, 7),
(22, 7),
(23, 1),
(24, 7),
(25, 1),
(26, 7),
(27, 7),
(28, 7),
(30, 5),
(31, 7),
(32, 7),
(33, 7),
(34, 7),
(35, 7),
(36, 3);

-- --------------------------------------------------------

--
-- Table structure for table `user_notifications`
--

CREATE TABLE `user_notifications` (
  `notification_id` int(11) NOT NULL,
  `user_id` int(11) NOT NULL,
  `notification_type` varchar(50) NOT NULL,
  `subject` varchar(255) NOT NULL,
  `message` text NOT NULL,
  `status` enum('pending','sent','failed') DEFAULT 'pending',
  `sent_at` datetime DEFAULT NULL,
  `created_at` timestamp NOT NULL DEFAULT current_timestamp()
) ENGINE=InnoDB DEFAULT CHARSET=utf8mb4 COLLATE=utf8mb4_general_ci;

--
-- Dumping data for table `user_notifications`
--

INSERT INTO `user_notifications` (`notification_id`, `user_id`, `notification_type`, `subject`, `message`, `status`, `sent_at`, `created_at`) VALUES
(1, 13, 'inactivity', 'Important: Your SpiceShelf Account Status', 'Dear jujube,\r\n\r\nWe noticed that you haven\'t logged into your SpiceShelf account recently. Per our inactive account policy, accounts that remain inactive for extended periods may be deleted.\r\n\r\nPlease log in to your account within the next 3 days to keep it active. If you do not log in, your account may be deleted along with all your recipes and data.\r\n\r\nThank you,\r\nThe SpiceShelf Team', 'pending', '2025-05-09 03:50:37', '2025-05-08 19:50:37'),
(2, 13, 'inactivity', 'Important: Your SpiceShelf Account Status', 'Dear jujube,\r\n\r\nWe noticed that you haven\'t logged into your SpiceShelf account recently. Per our inactive account policy, accounts that remain inactive for extended periods may be deleted.\r\n\r\nPlease log in to your account within the next 3 days to keep it active. If you do not log in, your account may be deleted along with all your recipes and data.\r\n\r\nThank you,\r\nThe SpiceShelf Team', 'pending', '2025-05-09 03:51:26', '2025-05-08 19:51:26'),
(3, 1, 'inactivity', 'Important: Your SpiceShelf Account Status', 'Dear Juliana0311,\r\n\r\nWe noticed that you haven\'t logged into your SpiceShelf account recently. Per our inactive account policy, accounts that remain inactive for extended periods may be deleted.\r\n\r\nPlease log in to your account within the next 3 days to keep it active. If you do not log in, your account may be deleted along with all your recipes and data.\r\n\r\nThank you,\r\nThe SpiceShelf Team', 'pending', '2025-05-09 03:52:10', '2025-05-08 19:52:10'),
(4, 1, 'inactivity', 'Important: Your SpiceShelf Account Status', 'Dear Juliana0311,\r\n\r\nWe noticed that you haven\'t logged into your SpiceShelf account recently. Per our inactive account policy, accounts that remain inactive for extended periods may be deleted.\r\n\r\nPlease log in to your account within the next 3 days to keep it active. If you do not log in, your account may be deleted along with all your recipes and data.\r\n\r\nThank you,\r\nThe SpiceShelf Team', 'failed', '2025-05-09 03:54:57', '2025-05-08 19:54:57'),
(5, 13, 'inactivity', 'Important: Your SpiceShelf Account Status', 'Dear jujube,\r\n\r\nWe noticed that you haven\'t logged into your SpiceShelf account recently. Per our inactive account policy, accounts that remain inactive for extended periods may be deleted.\r\n\r\nPlease log in to your account within the next 3 days to keep it active. If you do not log in, your account may be deleted along with all your recipes and data.\r\n\r\nThank you,\r\nThe SpiceShelf Team', 'sent', '2025-05-09 05:26:12', '2025-05-08 21:26:12'),
(6, 13, 'inactivity', 'Important: Your SpiceShelf Account Status 2', 'Dear jujube,\r\n\r\nWe noticed that you haven\'t logged into your SpiceShelf account recently. Per our inactive account policy, accounts that remain inactive for extended periods may be deleted.\r\n\r\nPlease log in to your account within the next 3 days to keep it active. If you do not log in, your account may be deleted along with all your recipes and data.\r\n\r\nThank you,\r\nThe SpiceShelf Team', 'sent', '2025-05-09 11:21:56', '2025-05-09 03:21:56'),
(7, 13, 'inactivity', 'Important: Your SpiceShelf Account Status', 'Dear jujube,\r\n\r\nWe noticed that you haven\'t logged into your SpiceShelf account recently. Per our inactive account policy, accounts that remain inactive for extended periods may be deleted.\r\n\r\nPlease log in to your account within the next 3 days to keep it active. If you do not log in, your account may be deleted along with all your recipes and data.\r\n\r\nThank you,\r\nThe SpiceShelf Team', 'sent', '2025-05-11 01:18:11', '2025-05-10 17:18:11'),
(8, 1, 'inactivity', 'Important: Your SpiceShelf Account Status', 'Dear Juliana0311,\r\n\r\nWe noticed that you haven\'t logged into your SpiceShelf account recently. Per our inactive account policy, accounts that remain inactive for extended periods may be deleted.\r\n\r\nPlease log in to your account within the next 3 days to keep it active. If you do not log in, your account may be deleted along with all your recipes and data.\r\n\r\nThank you,\r\nThe SpiceShelf Team', 'sent', '2025-05-14 02:59:18', '2025-05-13 18:59:18'),
(9, 28, 'inactivity', 'Important: Your SpiceShelf Account Status', 'Dear irfan,\r\n\r\nWe noticed that you haven\'t logged into your SpiceShelf account recently. Per our inactive account policy, accounts that remain inactive for extended periods may be deleted.\r\n\r\nPlease log in to your account within the next 3 days to keep it active. If you do not log in, your account may be deleted along with all your recipes and data.\r\n\r\nThank you,\r\nThe SpiceShelf Team', 'sent', '2025-05-15 23:32:26', '2025-05-15 15:32:26'),
(10, 13, 'inactivity', 'Important: Your SpiceShelf Account Status', 'Dear jujube,\r\n\r\nWe noticed that you haven\'t logged into your SpiceShelf account recently. Per our inactive account policy, accounts that remain inactive for extended periods may be deleted.\r\n\r\nPlease log in to your account within the next 3 days to keep it active. If you do not log in, your account may be deleted along with all your recipes and data.\r\n\r\nThank you,\r\nThe SpiceShelf Team', 'sent', '2025-05-15 23:36:53', '2025-05-15 15:36:53'),
(11, 28, 'inactivity', 'Important: Your SpiceShelf Account Status', 'Dear irfan,\r\n\r\nWe noticed that you haven\'t logged into your SpiceShelf account recently. Per our inactive account policy, accounts that remain inactive for extended periods may be deleted.\r\n\r\nPlease log in to your account within the next 3 days to keep it active. If you do not log in, your account may be deleted along with all your recipes and data.\r\n\r\nThank you,\r\nThe SpiceShelf Team', 'sent', '2025-05-15 23:37:17', '2025-05-15 15:37:17'),
(12, 28, 'inactivity', 'Important: Your SpiceShelf Account Status', 'Dear irfan,\r\n\r\nWe noticed that you haven\'t logged into your SpiceShelf account recently. Per our inactive account policy, accounts that remain inactive for extended periods may be deleted.\r\n\r\nPlease log in to your account within the next 3 days to keep it active. If you do not log in, your account may be deleted along with all your recipes and data.\r\n\r\nThank you,\r\nThe SpiceShelf Team', 'sent', '2025-05-15 23:38:05', '2025-05-15 15:38:05'),
(14, 13, 'inactivity', 'Important: Your SpiceShelf Account Status', 'Dear jujube,\r\n\r\nWe noticed that you haven\'t logged into your SpiceShelf account recently. Per our inactive account policy, accounts that remain inactive for extended periods may be deleted.\r\n\r\nPlease log in to your account within the next 3 days to keep it active. If you do not log in, your account may be deleted along with all your recipes and data.\r\n\r\nThank you,\r\nThe SpiceShelf Team', 'sent', '2025-05-16 14:52:20', '2025-05-16 06:52:20'),
(15, 13, 'inactivity', 'Important: Your SpiceShelf Account Status', 'Dear jujube,\r\n\r\nWe noticed that you haven\'t logged into your SpiceShelf account recently. Per our inactive account policy, accounts that remain inactive for extended periods may be deleted.\r\n\r\nPlease log in to your account within the next 3 days to keep it active. If you do not log in, your account may be deleted along with all your recipes and data.\r\n\r\nThank you,\r\nThe SpiceShelf Team', 'sent', '2025-06-04 12:40:16', '2025-06-04 04:40:16');

--
-- Indexes for dumped tables
--

--
-- Indexes for table `admins`
--
ALTER TABLE `admins`
  ADD PRIMARY KEY (`id`),
  ADD UNIQUE KEY `username` (`username`),
  ADD UNIQUE KEY `email` (`email`);

--
-- Indexes for table `ads`
--
ALTER TABLE `ads`
  ADD PRIMARY KEY (`ad_id`);

--
-- Indexes for table `ad_clicks`
--
ALTER TABLE `ad_clicks`
  ADD PRIMARY KEY (`click_id`),
  ADD KEY `ad_id` (`ad_id`);

--
-- Indexes for table `ad_impressions`
--
ALTER TABLE `ad_impressions`
  ADD PRIMARY KEY (`impression_id`),
  ADD KEY `ad_id` (`ad_id`);

--
-- Indexes for table `allergies`
--
ALTER TABLE `allergies`
  ADD PRIMARY KEY (`allergy_id`),
  ADD UNIQUE KEY `allergy_name` (`allergy_name`);

--
-- Indexes for table `allergy_ingredient_mapping`
--
ALTER TABLE `allergy_ingredient_mapping`
  ADD PRIMARY KEY (`allergy_id`,`ingredient_id`),
  ADD KEY `ingredient_id` (`ingredient_id`);

--
-- Indexes for table `dietary_preferences`
--
ALTER TABLE `dietary_preferences`
  ADD PRIMARY KEY (`preference_id`),
  ADD UNIQUE KEY `preference_name` (`preference_name`);

--
-- Indexes for table `favorites`
--
ALTER TABLE `favorites`
  ADD PRIMARY KEY (`id`),
  ADD KEY `fk_user` (`user_id`),
  ADD KEY `fk_recipe` (`recipe_id`);

--
-- Indexes for table `ingredients`
--
ALTER TABLE `ingredients`
  ADD PRIMARY KEY (`ingredient_id`),
  ADD KEY `idx_ingredients_name` (`name`);

--
-- Indexes for table `ingredient_measurement_defaults`
--
ALTER TABLE `ingredient_measurement_defaults`
  ADD PRIMARY KEY (`id`),
  ADD UNIQUE KEY `ingredient_id` (`ingredient_id`,`measurement_id`),
  ADD KEY `measurement_id` (`measurement_id`);

--
-- Indexes for table `meal_plans`
--
ALTER TABLE `meal_plans`
  ADD PRIMARY KEY (`meal_plan_id`),
  ADD KEY `user_id` (`user_id`),
  ADD KEY `recipe_id` (`recipe_id`);

--
-- Indexes for table `measurements`
--
ALTER TABLE `measurements`
  ADD PRIMARY KEY (`measurement_id`),
  ADD UNIQUE KEY `name` (`name`);

--
-- Indexes for table `pantry`
--
ALTER TABLE `pantry`
  ADD PRIMARY KEY (`pantry_id`),
  ADD KEY `user_id` (`user_id`),
  ADD KEY `ingredient_id` (`ingredient_id`),
  ADD KEY `measurement_id` (`measurement_id`);

--
-- Indexes for table `preference_category_mapping`
--
ALTER TABLE `preference_category_mapping`
  ADD PRIMARY KEY (`preference_id`,`category_id`),
  ADD KEY `category_id` (`category_id`);

--
-- Indexes for table `recipes`
--
ALTER TABLE `recipes`
  ADD PRIMARY KEY (`recipe_id`),
  ADD KEY `user_id` (`user_id`);

--
-- Indexes for table `recipe_categories`
--
ALTER TABLE `recipe_categories`
  ADD PRIMARY KEY (`category_id`);

--
-- Indexes for table `recipe_category_mapping`
--
ALTER TABLE `recipe_category_mapping`
  ADD PRIMARY KEY (`recipe_id`,`category_id`),
  ADD KEY `category_id` (`category_id`);

--
-- Indexes for table `recipe_comments`
--
ALTER TABLE `recipe_comments`
  ADD PRIMARY KEY (`comment_id`),
  ADD KEY `recipe_id` (`recipe_id`),
  ADD KEY `user_id` (`user_id`);

--
-- Indexes for table `recipe_ingredients`
--
ALTER TABLE `recipe_ingredients`
  ADD PRIMARY KEY (`id`),
  ADD KEY `recipe_id` (`recipe_id`),
  ADD KEY `ingredient_id` (`ingredient_id`),
  ADD KEY `measurement_id` (`measurement_id`);

--
-- Indexes for table `shopping_lists`
--
ALTER TABLE `shopping_lists`
  ADD PRIMARY KEY (`shopping_list_id`),
  ADD KEY `user_id` (`user_id`);

--
-- Indexes for table `shopping_list_items`
--
ALTER TABLE `shopping_list_items`
  ADD PRIMARY KEY (`id`),
  ADD KEY `shopping_list_id` (`shopping_list_id`),
  ADD KEY `ingredient_id` (`ingredient_id`),
  ADD KEY `measurement_id` (`measurement_id`);

--
-- Indexes for table `users`
--
ALTER TABLE `users`
  ADD PRIMARY KEY (`user_id`),
  ADD UNIQUE KEY `username` (`username`),
  ADD UNIQUE KEY `email` (`email`),
  ADD KEY `idx_users_email` (`email`);

--
-- Indexes for table `user_allergies`
--
ALTER TABLE `user_allergies`
  ADD PRIMARY KEY (`user_id`,`allergy_id`),
  ADD KEY `allergy_id` (`allergy_id`);

--
-- Indexes for table `user_dietary_preferences`
--
ALTER TABLE `user_dietary_preferences`
  ADD PRIMARY KEY (`user_id`,`preference_id`),
  ADD KEY `preference_id` (`preference_id`);

--
-- Indexes for table `user_notifications`
--
ALTER TABLE `user_notifications`
  ADD PRIMARY KEY (`notification_id`),
  ADD KEY `user_id` (`user_id`);

--
-- AUTO_INCREMENT for dumped tables
--

--
-- AUTO_INCREMENT for table `admins`
--
ALTER TABLE `admins`
  MODIFY `id` int(11) NOT NULL AUTO_INCREMENT, AUTO_INCREMENT=7;

--
-- AUTO_INCREMENT for table `ads`
--
ALTER TABLE `ads`
  MODIFY `ad_id` int(11) NOT NULL AUTO_INCREMENT, AUTO_INCREMENT=23;

--
-- AUTO_INCREMENT for table `ad_clicks`
--
ALTER TABLE `ad_clicks`
  MODIFY `click_id` int(11) NOT NULL AUTO_INCREMENT, AUTO_INCREMENT=74;

--
-- AUTO_INCREMENT for table `ad_impressions`
--
ALTER TABLE `ad_impressions`
  MODIFY `impression_id` int(11) NOT NULL AUTO_INCREMENT, AUTO_INCREMENT=913;

--
-- AUTO_INCREMENT for table `allergies`
--
ALTER TABLE `allergies`
  MODIFY `allergy_id` int(11) NOT NULL AUTO_INCREMENT, AUTO_INCREMENT=11;

--
-- AUTO_INCREMENT for table `dietary_preferences`
--
ALTER TABLE `dietary_preferences`
  MODIFY `preference_id` int(11) NOT NULL AUTO_INCREMENT, AUTO_INCREMENT=9;

--
-- AUTO_INCREMENT for table `favorites`
--
ALTER TABLE `favorites`
  MODIFY `id` int(11) NOT NULL AUTO_INCREMENT, AUTO_INCREMENT=139;

--
-- AUTO_INCREMENT for table `ingredients`
--
ALTER TABLE `ingredients`
  MODIFY `ingredient_id` int(11) NOT NULL AUTO_INCREMENT, AUTO_INCREMENT=86;

--
-- AUTO_INCREMENT for table `ingredient_measurement_defaults`
--
ALTER TABLE `ingredient_measurement_defaults`
  MODIFY `id` int(11) NOT NULL AUTO_INCREMENT, AUTO_INCREMENT=120;

--
-- AUTO_INCREMENT for table `meal_plans`
--
ALTER TABLE `meal_plans`
  MODIFY `meal_plan_id` int(11) NOT NULL AUTO_INCREMENT, AUTO_INCREMENT=46;

--
-- AUTO_INCREMENT for table `measurements`
--
ALTER TABLE `measurements`
  MODIFY `measurement_id` int(11) NOT NULL AUTO_INCREMENT, AUTO_INCREMENT=28;

--
-- AUTO_INCREMENT for table `pantry`
--
ALTER TABLE `pantry`
  MODIFY `pantry_id` int(11) NOT NULL AUTO_INCREMENT, AUTO_INCREMENT=233;

--
-- AUTO_INCREMENT for table `recipes`
--
ALTER TABLE `recipes`
  MODIFY `recipe_id` int(11) NOT NULL AUTO_INCREMENT, AUTO_INCREMENT=67;

--
-- AUTO_INCREMENT for table `recipe_categories`
--
ALTER TABLE `recipe_categories`
  MODIFY `category_id` int(11) NOT NULL AUTO_INCREMENT, AUTO_INCREMENT=32;

--
-- AUTO_INCREMENT for table `recipe_comments`
--
ALTER TABLE `recipe_comments`
  MODIFY `comment_id` int(11) NOT NULL AUTO_INCREMENT, AUTO_INCREMENT=16;

--
-- AUTO_INCREMENT for table `recipe_ingredients`
--
ALTER TABLE `recipe_ingredients`
  MODIFY `id` int(11) NOT NULL AUTO_INCREMENT, AUTO_INCREMENT=158;

--
-- AUTO_INCREMENT for table `shopping_lists`
--
ALTER TABLE `shopping_lists`
  MODIFY `shopping_list_id` int(11) NOT NULL AUTO_INCREMENT, AUTO_INCREMENT=41;

--
-- AUTO_INCREMENT for table `shopping_list_items`
--
ALTER TABLE `shopping_list_items`
  MODIFY `id` int(11) NOT NULL AUTO_INCREMENT, AUTO_INCREMENT=301;

--
-- AUTO_INCREMENT for table `users`
--
ALTER TABLE `users`
  MODIFY `user_id` int(11) NOT NULL AUTO_INCREMENT, AUTO_INCREMENT=37;

--
-- AUTO_INCREMENT for table `user_notifications`
--
ALTER TABLE `user_notifications`
  MODIFY `notification_id` int(11) NOT NULL AUTO_INCREMENT, AUTO_INCREMENT=16;

--
-- Constraints for dumped tables
--

--
-- Constraints for table `ad_clicks`
--
ALTER TABLE `ad_clicks`
  ADD CONSTRAINT `ad_clicks_ibfk_1` FOREIGN KEY (`ad_id`) REFERENCES `ads` (`ad_id`) ON DELETE CASCADE;

--
-- Constraints for table `ad_impressions`
--
ALTER TABLE `ad_impressions`
  ADD CONSTRAINT `ad_impressions_ibfk_1` FOREIGN KEY (`ad_id`) REFERENCES `ads` (`ad_id`) ON DELETE CASCADE;

--
-- Constraints for table `allergy_ingredient_mapping`
--
ALTER TABLE `allergy_ingredient_mapping`
  ADD CONSTRAINT `allergy_ingredient_mapping_ibfk_1` FOREIGN KEY (`allergy_id`) REFERENCES `allergies` (`allergy_id`) ON DELETE CASCADE,
  ADD CONSTRAINT `allergy_ingredient_mapping_ibfk_2` FOREIGN KEY (`ingredient_id`) REFERENCES `ingredients` (`ingredient_id`) ON DELETE CASCADE;

--
-- Constraints for table `favorites`
--
ALTER TABLE `favorites`
  ADD CONSTRAINT `fk_recipe` FOREIGN KEY (`recipe_id`) REFERENCES `recipes` (`recipe_id`) ON DELETE CASCADE,
  ADD CONSTRAINT `fk_user` FOREIGN KEY (`user_id`) REFERENCES `users` (`user_id`) ON DELETE CASCADE;

--
-- Constraints for table `ingredient_measurement_defaults`
--
ALTER TABLE `ingredient_measurement_defaults`
  ADD CONSTRAINT `ingredient_measurement_defaults_ibfk_1` FOREIGN KEY (`ingredient_id`) REFERENCES `ingredients` (`ingredient_id`),
  ADD CONSTRAINT `ingredient_measurement_defaults_ibfk_2` FOREIGN KEY (`measurement_id`) REFERENCES `measurements` (`measurement_id`);

--
-- Constraints for table `meal_plans`
--
ALTER TABLE `meal_plans`
  ADD CONSTRAINT `meal_plans_ibfk_1` FOREIGN KEY (`user_id`) REFERENCES `users` (`user_id`) ON DELETE CASCADE,
  ADD CONSTRAINT `meal_plans_ibfk_2` FOREIGN KEY (`recipe_id`) REFERENCES `recipes` (`recipe_id`) ON DELETE CASCADE;

--
-- Constraints for table `pantry`
--
ALTER TABLE `pantry`
  ADD CONSTRAINT `pantry_ibfk_1` FOREIGN KEY (`user_id`) REFERENCES `users` (`user_id`),
  ADD CONSTRAINT `pantry_ibfk_2` FOREIGN KEY (`ingredient_id`) REFERENCES `ingredients` (`ingredient_id`),
  ADD CONSTRAINT `pantry_ibfk_3` FOREIGN KEY (`measurement_id`) REFERENCES `measurements` (`measurement_id`);

--
-- Constraints for table `preference_category_mapping`
--
ALTER TABLE `preference_category_mapping`
  ADD CONSTRAINT `preference_category_mapping_ibfk_1` FOREIGN KEY (`preference_id`) REFERENCES `dietary_preferences` (`preference_id`) ON DELETE CASCADE,
  ADD CONSTRAINT `preference_category_mapping_ibfk_2` FOREIGN KEY (`category_id`) REFERENCES `recipe_categories` (`category_id`) ON DELETE CASCADE;

--
-- Constraints for table `recipes`
--
ALTER TABLE `recipes`
  ADD CONSTRAINT `recipes_ibfk_1` FOREIGN KEY (`user_id`) REFERENCES `users` (`user_id`) ON DELETE CASCADE;

--
-- Constraints for table `recipe_category_mapping`
--
ALTER TABLE `recipe_category_mapping`
  ADD CONSTRAINT `recipe_category_mapping_ibfk_1` FOREIGN KEY (`recipe_id`) REFERENCES `recipes` (`recipe_id`) ON DELETE CASCADE,
  ADD CONSTRAINT `recipe_category_mapping_ibfk_2` FOREIGN KEY (`category_id`) REFERENCES `recipe_categories` (`category_id`) ON DELETE CASCADE;

--
-- Constraints for table `recipe_comments`
--
ALTER TABLE `recipe_comments`
  ADD CONSTRAINT `recipe_comments_ibfk_1` FOREIGN KEY (`recipe_id`) REFERENCES `recipes` (`recipe_id`) ON DELETE CASCADE,
  ADD CONSTRAINT `recipe_comments_ibfk_2` FOREIGN KEY (`user_id`) REFERENCES `users` (`user_id`) ON DELETE CASCADE;

--
-- Constraints for table `recipe_ingredients`
--
ALTER TABLE `recipe_ingredients`
  ADD CONSTRAINT `recipe_ingredients_ibfk_1` FOREIGN KEY (`recipe_id`) REFERENCES `recipes` (`recipe_id`) ON DELETE CASCADE,
  ADD CONSTRAINT `recipe_ingredients_ibfk_2` FOREIGN KEY (`ingredient_id`) REFERENCES `ingredients` (`ingredient_id`) ON DELETE CASCADE,
  ADD CONSTRAINT `recipe_ingredients_ibfk_3` FOREIGN KEY (`measurement_id`) REFERENCES `measurements` (`measurement_id`) ON DELETE CASCADE;

--
-- Constraints for table `shopping_lists`
--
ALTER TABLE `shopping_lists`
  ADD CONSTRAINT `shopping_lists_ibfk_1` FOREIGN KEY (`user_id`) REFERENCES `users` (`user_id`) ON DELETE CASCADE;

--
-- Constraints for table `shopping_list_items`
--
ALTER TABLE `shopping_list_items`
  ADD CONSTRAINT `shopping_list_items_ibfk_1` FOREIGN KEY (`shopping_list_id`) REFERENCES `shopping_lists` (`shopping_list_id`) ON DELETE CASCADE,
  ADD CONSTRAINT `shopping_list_items_ibfk_2` FOREIGN KEY (`ingredient_id`) REFERENCES `ingredients` (`ingredient_id`) ON DELETE CASCADE,
  ADD CONSTRAINT `shopping_list_items_ibfk_3` FOREIGN KEY (`measurement_id`) REFERENCES `measurements` (`measurement_id`) ON DELETE CASCADE;

--
-- Constraints for table `user_allergies`
--
ALTER TABLE `user_allergies`
  ADD CONSTRAINT `user_allergies_ibfk_1` FOREIGN KEY (`user_id`) REFERENCES `users` (`user_id`) ON DELETE CASCADE,
  ADD CONSTRAINT `user_allergies_ibfk_2` FOREIGN KEY (`allergy_id`) REFERENCES `allergies` (`allergy_id`) ON DELETE CASCADE;

--
-- Constraints for table `user_dietary_preferences`
--
ALTER TABLE `user_dietary_preferences`
  ADD CONSTRAINT `user_dietary_preferences_ibfk_1` FOREIGN KEY (`user_id`) REFERENCES `users` (`user_id`) ON DELETE CASCADE,
  ADD CONSTRAINT `user_dietary_preferences_ibfk_2` FOREIGN KEY (`preference_id`) REFERENCES `dietary_preferences` (`preference_id`) ON DELETE CASCADE;

--
-- Constraints for table `user_notifications`
--
ALTER TABLE `user_notifications`
  ADD CONSTRAINT `user_notifications_ibfk_1` FOREIGN KEY (`user_id`) REFERENCES `users` (`user_id`) ON DELETE CASCADE;
COMMIT;

/*!40101 SET CHARACTER_SET_CLIENT=@OLD_CHARACTER_SET_CLIENT */;
/*!40101 SET CHARACTER_SET_RESULTS=@OLD_CHARACTER_SET_RESULTS */;
/*!40101 SET COLLATION_CONNECTION=@OLD_COLLATION_CONNECTION */;
